filename,class
trash17_jpg.rf.6567eaa0ff07651e6760791d1af397ae.jpg,Trash
metal110_jpg.rf.6dd6d691bf1d110b5d6160062650dba4.jpg,Metal
paper323_jpg.rf.64ed8ccf738fe961896ed1de35d77732.jpg,paper
Charging-Cable-138-_-jpg_segmented_object_1_jpg.rf.66ceb3395fd74d20a787f0fb4ee67fed.jpg,Electric Cable
cardboard201_jpg.rf.67ee05a7bd4c9181a2de539c2438206f.jpg,Carton
plastic414_jpg.rf.6b1ad3b6777faeb2ae796dd24f2419f0.jpg,Bottle
O_12840_jpg.rf.695c9d4163b07743df6ecf4325f6874d.jpg,Organic Waste
O_12599_jpg.rf.6c91988835d1719a5305c990e4951ade.jpg,Organic Waste
O_12611_jpg.rf.67e9a706911a8238ca2bc932be263ded.jpg,Organic Waste
O_12611_jpg.rf.67e9a706911a8238ca2bc932be263ded.jpg,Organic Waste
O_12611_jpg.rf.67e9a706911a8238ca2bc932be263ded.jpg,Organic Waste
O_12611_jpg.rf.67e9a706911a8238ca2bc932be263ded.jpg,Organic Waste
O_12611_jpg.rf.67e9a706911a8238ca2bc932be263ded.jpg,Organic Waste
R_275_jpg.rf.67dd4eaffbd9b29b058c53f4bfd677d5.jpg,Plastic bag
R_275_jpg.rf.67dd4eaffbd9b29b058c53f4bfd677d5.jpg,Plastic bag
trash74_jpg.rf.6a584edfb09fff122100a7954bc24429.jpg,Trash
glass-315-_jpg.rf.6b0d07bc814102342420d12939dda241.jpg,Glass
glass-136-_jpg.rf.65b7695a082c20da5318073eff82d2af.jpg,Glass
glass-136-_jpg.rf.65b7695a082c20da5318073eff82d2af.jpg,Glass
glass-38-_jpg.rf.6648188249c34a876366a86f832bf120.jpg,Glass
glass-38-_jpg.rf.6648188249c34a876366a86f832bf120.jpg,Glass
O_13754_jpg.rf.6779c89a03dfeb729a6fb269415c7563.jpg,Organic Waste
R_2388_jpg.rf.6a6940067f0d6bdb103bc88b2c4fcd76.jpg,Carton
R_2388_jpg.rf.6a6940067f0d6bdb103bc88b2c4fcd76.jpg,Carton
R_2388_jpg.rf.6a6940067f0d6bdb103bc88b2c4fcd76.jpg,Carton
O_13886_jpg.rf.6dae35b782470445ad2420875126055c.jpg,Organic Waste
O_13886_jpg.rf.6dae35b782470445ad2420875126055c.jpg,Organic Waste
O_13886_jpg.rf.6dae35b782470445ad2420875126055c.jpg,Organic Waste
O_13886_jpg.rf.6dae35b782470445ad2420875126055c.jpg,Organic Waste
O_13886_jpg.rf.6dae35b782470445ad2420875126055c.jpg,Organic Waste
O_13886_jpg.rf.6dae35b782470445ad2420875126055c.jpg,Organic Waste
O_13886_jpg.rf.6dae35b782470445ad2420875126055c.jpg,Organic Waste
glass-35-_jpg.rf.66e600fd35695b88df94bc628414e4ec.jpg,Glass
glass-35-_jpg.rf.66e600fd35695b88df94bc628414e4ec.jpg,Glass
glass-35-_jpg.rf.66e600fd35695b88df94bc628414e4ec.jpg,Glass
glass-35-_jpg.rf.66e600fd35695b88df94bc628414e4ec.jpg,Glass
paper324_jpg.rf.6b6980e8da0c0168aaebd59121c7f016.jpg,paper
metal209_jpg.rf.6e1f6884f168db68e61cdffe9bad323f.jpg,Metal
paper106_jpg.rf.6babbb9ac6266879fd7be82367323adc.jpg,paper
O_13764_jpg.rf.6cb713eb4181f09c412190d2deef6a00.jpg,Organic Waste
O_13764_jpg.rf.6cb713eb4181f09c412190d2deef6a00.jpg,Organic Waste
O_13764_jpg.rf.6cb713eb4181f09c412190d2deef6a00.jpg,Organic Waste
O_13764_jpg.rf.6cb713eb4181f09c412190d2deef6a00.jpg,Organic Waste
O_13764_jpg.rf.6cb713eb4181f09c412190d2deef6a00.jpg,Organic Waste
glass-132-_jpg.rf.667067801a0892544c1bc1adb04c60dd.jpg,Glass
Yoga-mat-110-_jpg.rf.6e67917ac4436997709f77db7979e16f.jpg,Yoga Mat
trash107_jpg.rf.6f942392380874085e9ef010ea7d353e.jpg,Trash
trash107_jpg.rf.6f942392380874085e9ef010ea7d353e.jpg,Trash
metal15_jpg.rf.6e492bf49bcf13147867e6af790b8e4b.jpg,Metal
trash96_jpg.rf.6e76ecb50a1e58273db813e285e863ae.jpg,Trash
earphone-185-_jpg.rf.6e9f2164049add0796af8d97caee5c72.jpg,E-Waste
wooden-product-247-_jpg.rf.658bdeaad01c88fb7cebac36f17cda6d.jpg,Wooden Waste
glass-107-_jpg.rf.702eaf172d0aba5fc1e84dda0ebe0741.jpg,Glass
glass-107-_jpg.rf.702eaf172d0aba5fc1e84dda0ebe0741.jpg,Glass
trash115_jpg.rf.6f402688e4ace9f749c9612d05526e15.jpg,Trash
R_319_jpg.rf.6fdc0314f0e08e5e1816cc6c06881a4e.jpg,Plastic bag
R_308_jpg.rf.714d36e83cf17ae852dd7483222259ab.jpg,Plastic bag
trash58_jpg.rf.71dac57a4262cffe3ae0fe5156f2cd30.jpg,paper
wooden-product-177-_-jpg_segmented_object_1_jpg.rf.70689e7d5ca830430566e4633ff32315.jpg,Wooden Waste
,
Toilet-brush-221-_-jpg_segmented_object_1_jpg.rf.729160941745be26c144d3c12f55628a.jpg,Trash- Brush
Water-filter-element-229-_-jpg_segmented_object_2_jpg.rf.721693e943407731432716b05f6df6a1.jpg,Plastics
cardboard180_jpg.rf.6b679aa7a8e9d91cd4ad1541e9243631.jpg,Carton
plastic402_jpg.rf.722137e5c86ac2a5406f35c3a8176240.jpg,Plastics
Water-filter-element-49-_-jpg_segmented_object_4_jpg.rf.737f0b2fbd8825ad674982b2ec59d248.jpg,Plastics
Yoga-mat-99-_jpg.rf.731bae3cea5e5329d2a42d19364108b1.jpg,Yoga Mat
IMG_8479_jpeg.rf.73b70e0701d0d7543323d35aae0593e8.jpg,Trash
cart-211-_jpg.rf.71f3b54feb03c81c511f37655e3cb5a7.jpg,Carton
cart-195-_jpg.rf.72be8b6086f9ece53225f22024c4cfc5.jpg,Carton
IMG_8740_jpeg.rf.73105b52d6b27bbea0d415d84665a07c.jpg,Plastic bag
trash30_jpg.rf.73e1fdfe57d0ee6f06e02685e2bf81b7.jpg,Trash
R_2288_jpg.rf.73d24b4085dd704d3b853b964b1ce3f6.jpg,Carton
alum-6-_jpg.rf.764baa8220a537505e09f2d7f51a5046.jpg,Can
Water-filter-element-49-_-jpg_segmented_object_3_jpg.rf.772dc7dd282ab356efb7593687056c4c.jpg,Plastics
metal136_jpg.rf.7746fe43d8b72c0ee0fe6a0d8e67d043.jpg,Metal
plastic434_jpg.rf.75dea2045032d5e2c19f6dc9b93d2e23.jpg,Bottle
R_292_jpg.rf.74e810e81feea8637616b580004e17f3.jpg,Plastic bag
R_292_jpg.rf.74e810e81feea8637616b580004e17f3.jpg,Plastic bag
glass-142-_jpg.rf.7787c82cfc8eb5b39673a6719b9ec9bd.jpg,Glass
paper294_jpg.rf.7776e9db2b1063fb16a4b7adc2dff3ce.jpg,paper
paper506_jpg.rf.774f23e6b0e478104dc6d394dbc50023.jpg,paper
Water-filter-element-38-_-jpg_segmented_object_7_jpg.rf.77a70bc60bf464bb40c778123dd13c42.jpg,Plastics
Charging-Cable-30-_jpg.rf.776bbde60203ce6937c7d441a8127eda.jpg,E-Waste
Toilet-brush-172-_-jpg_segmented_object_2_jpg.rf.77cf0d7b6fe1f4e889a054286e95b784.jpg,Trash- Brush
R_288_jpg.rf.77cc54fe7edb48784d9d754d9a45a9b9.jpg,Plastic bag
O_12852_jpg.rf.77af738658a834c4f273c99a42b0b6fd.jpg,Organic Waste
Toilet-brush-180-_1_jpg.rf.78a17fab1099e3a2159085ce831fcd66.jpg,Trash- Brush
IMG_8709_jpeg.rf.7821fc99125bbbeda23de63ecc2d98d3.jpg,Styrofoam
R_335_jpg.rf.796853d78fd75872cf69aa71bd4bf9dc.jpg,Plastic bag
R_335_jpg.rf.796853d78fd75872cf69aa71bd4bf9dc.jpg,Bottle
R_335_jpg.rf.796853d78fd75872cf69aa71bd4bf9dc.jpg,Organic Waste
metal127_jpg.rf.7a2911feb916e116853522c96c30173c.jpg,Metal
phone-case-205-_-jpg_segmented_object_1_jpg.rf.795d2417b739bd85b0d9f3f04bca99c8.jpg,Phone Case
trash47_jpg.rf.7a353da59c9004d995dfb4919eefdb5d.jpg,Trash
wooden-product-168-_-jpg_segmented_object_2_jpg.rf.7afb40fe209bf1f5c835f133140eba73.jpg,Wooden Waste
MedicalMask-148-_-jpg_segmented_object_1_jpg.rf.7b1154914462fffdb1bd9b90a3c60328.jpg,Trash
wooden-product-235-_-jpg_segmented_object_2_jpg.rf.7bc80d751b97f4e50184d4d0dbc1a2fa.jpg,Wooden Waste
MedicalMask-164-_-jpg_segmented_object_2_jpg.rf.7d67ce91da9d12413b92594890aa1bf5.jpg,Trash
plastic439_jpg.rf.7b97ef2bbe6ebe7a3a89b7869859dd8e.jpg,Bottle
paper73_jpg.rf.7c2435fef55315328b6457bc9b51f76f.jpg,paper
paper346_jpg.rf.79e2d2e028b5903949bec9689e828d24.jpg,paper
metal135_jpg.rf.7a613ee9d3cdfa139d5f96fe214388b1.jpg,Metal
O_12839_jpg.rf.7e0ebdbc54f0b04d44633c961ddfe08a.jpg,Organic Waste
pet-2-_png.rf.7e43e68aabb4f9d26cbeefce6d0c7744.jpg,Bottle
pet-2-_png.rf.7e43e68aabb4f9d26cbeefce6d0c7744.jpg,Plastics
earphone-198-_-jpg_segmented_object_7_jpg.rf.7d052b75a956727caf951b5a111eff81.jpg,E-Waste
earphone-198-_-jpg_segmented_object_7_jpg.rf.7d052b75a956727caf951b5a111eff81.jpg,E-Waste
phone-case-230-_-jpg_segmented_object_6_jpg.rf.7e732d0faa3d8b93daeb2e71c018dc3d.jpg,Phone Case
R_2184_jpg.rf.7ed3a9a4569bc44f395ca859011a4488.jpg,Carton
wooden-product-206-_jpg.rf.7eab3ab1bbaa0530bfc14db75e8f96d0.jpg,Wooden Waste
metal184_jpg.rf.7f48e6d16b3bc2b38366d0bffd45bdef.jpg,Can
R_7002_jpg.rf.7f64e007e44fa6d05303642e79023b67.jpg,Carton
trash1_jpg.rf.7f4f5ee22688b844d7f3dc41d01f206c.jpg,Trash
paper327_jpg.rf.7fb3a59d20a84969cc4c1a58d1cbf17b.jpg,paper
Toilet-brush-151-_jpg.rf.7fa46c1a9cc5a2670a3bcbcb4367cc62.jpg,Trash- Brush
cardboard196_jpg.rf.809dec3fe9ff21eeab0a98b5bfe3a1c7.jpg,Carton
phone-case-10-_-jpg_segmented_object_3_jpg.rf.7ffd569366cd07a635812547333aef8a.jpg,E-Waste
alum-294-_jpg.rf.80ec6778d1e53ad6113bd8ca8e11de9e.jpg,Metal
Toilet-brush-195-_jpg.rf.8100309fe241731c85102c3414929bf6.jpg,Trash- Brush
alum-337-_jpg.rf.817675c0833faf402e0854b9054572d7.jpg,Can
alum-71-_jpg.rf.8149cf6c0e4c21eef0c691956c5f4f27.jpg,Can
alum-71-_jpg.rf.8149cf6c0e4c21eef0c691956c5f4f27.jpg,Can
alum-71-_jpg.rf.8149cf6c0e4c21eef0c691956c5f4f27.jpg,Can
alum-71-_jpg.rf.8149cf6c0e4c21eef0c691956c5f4f27.jpg,Can
metal129_jpg.rf.8259177035ea8f69aaee757cb7c54f77.jpg,Can
trash59_jpg.rf.81374caf7635e3be075c373b6af16718.jpg,paper
R_2168_jpg.rf.814d679e612835193162a1a6ee589218.jpg,Carton
Charging-Cable-36-_jpg.rf.82673c40324bfccd68cbb3a9e69d5af9.jpg,E-Waste
Charging-Cable-36-_jpg.rf.82673c40324bfccd68cbb3a9e69d5af9.jpg,E-Waste
metal108_jpg.rf.82b2c86c4b857f102a3714ccef3aceac.jpg,Metal
cart-21-_jpg.rf.82623cf6b4389cad249a8f2659bde51f.jpg,Carton
phone-case-248-_-jpg_segmented_object_4_jpg.rf.83b41e6781a9329f5e697c7687fc4bee.jpg,Phone Case
Toilet-brush-152-_-jpg_segmented_object_6_jpg.rf.8390b00727e4cb3c301ab9f6c4212217.jpg,Trash- Brush
wooden-product-208-_-jpg_segmented_object_1_jpg.rf.837518e39f2da0bd4b804bc15030b171.jpg,Wooden Waste
wooden-product-208-_-jpg_segmented_object_1_jpg.rf.837518e39f2da0bd4b804bc15030b171.jpg,Wooden Waste
wooden-product-29-_jpg.rf.8459c2d2db5c8918640df7ff8596bd68.jpg,Wooden Waste
pet-1-_jpg.rf.84edc63dcba27a19fac58db29b799e76.jpg,Bottle
pet-1-_jpg.rf.84edc63dcba27a19fac58db29b799e76.jpg,Bottle
pet-1-_jpg.rf.84edc63dcba27a19fac58db29b799e76.jpg,Bottle
pet-1-_jpg.rf.84edc63dcba27a19fac58db29b799e76.jpg,Bottle
pet-1-_jpg.rf.84edc63dcba27a19fac58db29b799e76.jpg,Bottle
pet-1-_jpg.rf.84edc63dcba27a19fac58db29b799e76.jpg,Bottle
pet-1-_jpg.rf.84edc63dcba27a19fac58db29b799e76.jpg,Bottle
pet-1-_jpg.rf.84edc63dcba27a19fac58db29b799e76.jpg,Bottle
pet-1-_jpg.rf.84edc63dcba27a19fac58db29b799e76.jpg,Bottle
R_4013_jpg.rf.83c0885f207aa94a70175ce3eed163af.jpg,Glass Bottle
trash132_jpg.rf.84a37b73075ef470ddbb87ba62299f3b.jpg,Trash
glass-204-_jpg.rf.83bb590ebb93be1b77b84f65c9841ab4.jpg,Glass
metal154_jpg.rf.84ef742c492a5a4791af0186f731f452.jpg,Can
O_13763_jpg.rf.8524d8f6ab47a01256d1eab80f25c056.jpg,Organic Waste
paper534_jpg.rf.853949a43c0987fe13a2565f43bd8667.jpg,paper
Toilet-brush-79-_-jpg_segmented_object_1_jpg.rf.857125cff2b003fa10bdec2dbcb5f6b1.jpg,Trash- Brush
alum-307-_jpg.rf.86058d61fbf1018de2492206ac2cb691.jpg,Can
Charging-Cable-79-_jpg.rf.86467a37ced5a1580f3a4468dc464d73.jpg,E-Waste
Toilet-brush-255-_-jpg_segmented_object_1_jpg.rf.854c8aeb41c168dec614984ddd6e5fd9.jpg,Trash- Brush
O_13882_jpg.rf.83d9e6311c2d8fcf2d6926fb915957b8.jpg,Organic Waste
plastic425_jpg.rf.86c16621c45094bfce1cce8866da338c.jpg,Bottle
IMG_8518_jpeg.rf.86a0190b0608f8c7f26f7ecc136dfd4e.jpg,Styrofoam
cardboard202_jpg.rf.86a8b12320b0717addbbb51d3e760ad0.jpg,Carton
IMG_8529_jpeg.rf.8650ef7975f2ff57c578112fe01fd5e2.jpg,Styrofoam
Charging-Cable-124-_-jpg_segmented_object_2_jpg.rf.86cc111b04ae218bf254f84d9ff60d1c.jpg,Electric Cable
plastic421_jpg.rf.8781c0e6f116b259d7e2ddb85e7eecae.jpg,Bottle
plastic421_jpg.rf.8781c0e6f116b259d7e2ddb85e7eecae.jpg,Bottle
paper322_jpg.rf.86cef3a3491965926e19a736f17486ca.jpg,paper
R_7171_jpg.rf.8799b0dc1b02179215a03ee9adb14fdb.jpg,Carton
cart-222-_jpg.rf.87067be00e021e54160982e3177aaa62.jpg,Carton
R_2398_jpg.rf.88d7d4937455b15b0fe3519a8a8c838a.jpg,Carton
R_7178_jpg.rf.8a24895df5933f3725b12e380910acca.jpg,Carton
trash134_jpg.rf.8a393c805bc4d2d06d14eb763e56bb70.jpg,paper
trash134_jpg.rf.8a393c805bc4d2d06d14eb763e56bb70.jpg,Trash- Brush
wooden-product-200-_-jpg_segmented_object_2_jpg.rf.8b22d2aab8c0a2d8f7376d919e1eef56.jpg,Wooden Waste
plastic406_jpg.rf.8ba4dadbc55535ff141afe26fff43c29.jpg,Bottle
IMG_8388_jpeg.rf.8bdfd4a790ec5855a23feb2aa83f90be.jpg,Plastic bag
metal159_jpg.rf.894799033a83877196e450a71e569686.jpg,Metal
Toilet-brush-120-_jpg.rf.8c4db63a0b48316a4563c9a86897aca7.jpg,Trash- Brush
glass-177-_jpg.rf.896852afc20d9cb4a3335c7278f02706.jpg,Glass
glass-177-_jpg.rf.896852afc20d9cb4a3335c7278f02706.jpg,Glass
glass-177-_jpg.rf.896852afc20d9cb4a3335c7278f02706.jpg,Glass
glass-177-_jpg.rf.896852afc20d9cb4a3335c7278f02706.jpg,Glass
glass-177-_jpg.rf.896852afc20d9cb4a3335c7278f02706.jpg,Glass
glass-177-_jpg.rf.896852afc20d9cb4a3335c7278f02706.jpg,Glass
glass-177-_jpg.rf.896852afc20d9cb4a3335c7278f02706.jpg,Glass
Fruit-net-set-121-_jpg.rf.8c2e85529fef84d8d85dd8aee81e3748.jpg,Trash
Charging-Cable-38-_-jpg_segmented_object_1_jpg.rf.8b19a5ea83c2058ff52c1ff4557790b7.jpg,E-Waste
wooden-product-121-_-jpg_segmented_object_2_jpg.rf.8c5c170d3f40aa3cb5e01d9b4dcf4f04.jpg,Wooden Waste
R_2276_jpg.rf.8cd9979ced43e313a960acf835c90ac2.jpg,Carton
trash28_jpg.rf.8b98fd20a630925b8b85a0a9ae80a65f.jpg,Trash
paper312_jpg.rf.8d5030bc590f3c8176f419edc12525fc.jpg,paper
metal220_jpg.rf.8d220315a90c58cb379ecf2d251b276a.jpg,Metal
plastic410_jpg.rf.8ca646d113635d33f55cb6b2e4ddfe78.jpg,Bottle
plastic448_jpg.rf.8ca19a3c1ec54ae2ebe5b7ab7d6aa43d.jpg,Plastics
Water-filter-element-241-_-jpg_segmented_object_7_jpg.rf.8d52845686a71b0e8ba2090abc5cd822.jpg,Plastics
paper292_jpg.rf.8d7de5b36b237df2bf39c4bf1a5e2e55.jpg,paper
R_2191_jpg.rf.8dd944737d9d3a55bdad772cb3e2efe4.jpg,Carton
R_2191_jpg.rf.8dd944737d9d3a55bdad772cb3e2efe4.jpg,Carton
R_2191_jpg.rf.8dd944737d9d3a55bdad772cb3e2efe4.jpg,Carton
R_2191_jpg.rf.8dd944737d9d3a55bdad772cb3e2efe4.jpg,Carton
Charging-Cable-56-_jpg.rf.8db405767ac94678bab4d7cd1ff9d8c6.jpg,Electric Cable
Charging-Cable-56-_jpg.rf.8db405767ac94678bab4d7cd1ff9d8c6.jpg,Electric Cable
alum-55-_jpg.rf.8e143b83da47291d903d2bf1338d0a47.jpg,Metal
cardboard179_jpg.rf.8de525db0fa3bd8692cbadcd6a5702f5.jpg,Carton
glass-18-_jpg.rf.8ec2a8dfc8f8723e1b4c5be539fca4dc.jpg,Glass
glass-18-_jpg.rf.8ec2a8dfc8f8723e1b4c5be539fca4dc.jpg,Glass
glass-18-_jpg.rf.8ec2a8dfc8f8723e1b4c5be539fca4dc.jpg,Glass
glass-18-_jpg.rf.8ec2a8dfc8f8723e1b4c5be539fca4dc.jpg,Glass
glass-18-_jpg.rf.8ec2a8dfc8f8723e1b4c5be539fca4dc.jpg,Glass
glass-18-_jpg.rf.8ec2a8dfc8f8723e1b4c5be539fca4dc.jpg,Glass
glass-18-_jpg.rf.8ec2a8dfc8f8723e1b4c5be539fca4dc.jpg,Glass
glass-18-_jpg.rf.8ec2a8dfc8f8723e1b4c5be539fca4dc.jpg,Glass
R_3982_jpg.rf.8f23fbc5cd1d98882911dee9d2e73ed5.jpg,Glass Bottle
R_3982_jpg.rf.8f23fbc5cd1d98882911dee9d2e73ed5.jpg,Glass Bottle
R_3982_jpg.rf.8f23fbc5cd1d98882911dee9d2e73ed5.jpg,Glass Bottle
R_3982_jpg.rf.8f23fbc5cd1d98882911dee9d2e73ed5.jpg,Glass Bottle
R_3982_jpg.rf.8f23fbc5cd1d98882911dee9d2e73ed5.jpg,Glass Bottle
plastic438_jpg.rf.8fdbfee754e6e405d0b42059bb1e014c.jpg,Plastics
alum-59-_jpg.rf.8f8a0bf3b5977d10426858d151520eb3.jpg,Metal
alum-59-_jpg.rf.8f8a0bf3b5977d10426858d151520eb3.jpg,Metal
paper563_jpg.rf.902345bad1693ae2ff2f65b773258598.jpg,Trash
paper563_jpg.rf.902345bad1693ae2ff2f65b773258598.jpg,Trash
paper329_jpg.rf.8f42f587b5441ed542e66e3a283eee8e.jpg,paper
glass-22-_jpg.rf.8ed7d4597da6ff293e1e42c8c05ebb22.jpg,Glass
glass-22-_jpg.rf.8ed7d4597da6ff293e1e42c8c05ebb22.jpg,Glass
glass-22-_jpg.rf.8ed7d4597da6ff293e1e42c8c05ebb22.jpg,Glass
wooden-product-83-_-jpg_segmented_object_1_jpg.rf.8ff8ed2e6c29393e02c9b378ce8a9f82.jpg,Wooden Waste
R_2419_jpg.rf.8e43054ed57650af50e2d26ce2722745.jpg,Carton
metal161_jpg.rf.90e9a2c9ec8c0abd2fb22e6aa6f58acd.jpg,Metal
trash113_jpg.rf.901251eccd58d6eebcae505b896bf6f4.jpg,Trash
paper67_jpg.rf.91c7d8f082bfbd34aa43f389d941494d.jpg,paper
O_13750_jpg.rf.90355bf2aa0d95dc10ec08aa1c4e6615.jpg,Organic Waste
O_13750_jpg.rf.90355bf2aa0d95dc10ec08aa1c4e6615.jpg,Organic Waste
O_13750_jpg.rf.90355bf2aa0d95dc10ec08aa1c4e6615.jpg,Organic Waste
O_13750_jpg.rf.90355bf2aa0d95dc10ec08aa1c4e6615.jpg,Organic Waste
O_13750_jpg.rf.90355bf2aa0d95dc10ec08aa1c4e6615.jpg,Organic Waste
O_13750_jpg.rf.90355bf2aa0d95dc10ec08aa1c4e6615.jpg,Organic Waste
pet-11-_jpg.rf.9230f461de0fc39949e85c66f78c4e94.jpg,Bottle
,
IMG_8765_jpeg.rf.9299c790df6ca54da4e5da5ff928c225.jpg,Trash
IMG_8727_jpeg.rf.922e2a622a48e0b3aa6d32b24d2adcef.jpg,Trash
MedicalMask-252-_-jpg_segmented_object_11_jpg.rf.9109f84752e42ea45a4c07d3b8892ed9.jpg,Trash
R_7141_jpg.rf.9316df1ef741a48055de14b1d9612233.jpg,Carton
paper304_jpg.rf.92db90e9d8e601a5a8d087fe319a9de0.jpg,paper
Water-filter-element-22-_-jpg_segmented_object_1_jpg.rf.922fe6f7c1b18aadc86f882ff06bd256.jpg,Plastics
IMG_8732_jpeg.rf.93650b30015f821d3a9669710d7f8760.jpg,Plastic bag
metal308_jpg.rf.929eabadbce1ca37196ff24f3c328913.jpg,Metal
glass-246-_jpg.rf.9469fff4a1488e91ed6be84d6eae9663.jpg,Glass
glass-246-_jpg.rf.9469fff4a1488e91ed6be84d6eae9663.jpg,Glass
trash90_jpg.rf.94a48905345ff3c4951e3af1ef5fd478.jpg,Plastic bag
R_2178_jpg.rf.93eb6144d91b1d49d858dfe6bb75d79e.jpg,Carton
372231224_1516278352507882_8231093732994072_n_jpg.rf.95cdc7235d1aae17d2c7da7260a0a0d3.jpg,Can
372231224_1516278352507882_8231093732994072_n_jpg.rf.95cdc7235d1aae17d2c7da7260a0a0d3.jpg,Can
372231224_1516278352507882_8231093732994072_n_jpg.rf.95cdc7235d1aae17d2c7da7260a0a0d3.jpg,Can
trash101_jpg.rf.960659f53b19a57a24dbf67fda4b4e8d.jpg,Organic Waste
Water-filter-element-217-_-jpg_segmented_object_1_jpg.rf.96a553a5c764854cb3f44f143a90d7d8.jpg,Plastics
metal138_jpg.rf.95d1cfd7f89584052a6aa4c8db3900ff.jpg,Metal
R_4010_jpg.rf.96469fd321a75484758c48a86f6e0ac5.jpg,Glass Bottle
R_4010_jpg.rf.96469fd321a75484758c48a86f6e0ac5.jpg,Glass Bottle
metal205_jpg.rf.9611883d436eb004366ddb4630d983ca.jpg,Can
trash135_jpg.rf.9667171bcdf1e49dff7adf3032c4d631.jpg,Trash
wooden-product-157-_jpg.rf.969f2f212f3341b125af2318ed375a79.jpg,Wooden Waste
Water-filter-element-173-_-jpg_segmented_object_3_jpg.rf.971e4c2492c5bf6792a3e4bafc75615b.jpg,Plastics
R_2239_jpg.rf.9714a17417f53036c5de9f8dbf37628b.jpg,Carton
R_2239_jpg.rf.9714a17417f53036c5de9f8dbf37628b.jpg,Carton
R_2239_jpg.rf.9714a17417f53036c5de9f8dbf37628b.jpg,Carton
R_2239_jpg.rf.9714a17417f53036c5de9f8dbf37628b.jpg,Carton
Charging-Cable-63-_jpg.rf.9779192c425cf16e1be484992b421df8.jpg,E-Waste
plastic429_jpg.rf.97f265baeb80cc628a47eb1d2b3e4485.jpg,Bottle
phone-case-230-_-jpg_segmented_object_4_jpg.rf.97799641e781fea784af72d9bb2cba71.jpg,Phone Case
trash129_jpg.rf.97576734d252d33a550b5e5eebada202.jpg,Trash
plastic413_jpg.rf.97fa60698621b42546524921cfe2c848.jpg,Bottle
trash131_jpg.rf.97b86eaf6f528d713ee7e7a6393eaafa.jpg,Trash
alum-57-_jpg.rf.9749e6bc2e14e120fd680646980e2814.jpg,Metal
alum-57-_jpg.rf.9749e6bc2e14e120fd680646980e2814.jpg,Metal
alum-57-_jpg.rf.9749e6bc2e14e120fd680646980e2814.jpg,Metal
R_3979_jpg.rf.98299d9ee7f87170875a41e3e431a852.jpg,Glass Bottle
R_3979_jpg.rf.98299d9ee7f87170875a41e3e431a852.jpg,Glass Bottle
R_3979_jpg.rf.98299d9ee7f87170875a41e3e431a852.jpg,Glass Bottle
R_3979_jpg.rf.98299d9ee7f87170875a41e3e431a852.jpg,Glass Bottle
trash41_jpg.rf.9878e0b104dd8e413cc225381d5c2770.jpg,Trash
earphone-212-_-jpg_segmented_object_1_jpg.rf.98f208b4515acaaedecbb863576a6f8c.jpg,E-Waste
R_4012_jpg.rf.99113b419693e7ab922711f667809a5a.jpg,Glass Bottle
plastic292_jpg.rf.99721dba259e6a456883da4bf108e584.jpg,Bottle
plastic292_jpg.rf.99721dba259e6a456883da4bf108e584.jpg,Bottle
paper536_jpg.rf.995575596af3ccbfc4cddca0b9385436.jpg,paper
Water-filter-element-86-_-jpg_segmented_object_1_jpg.rf.993c17537a9f95818c8cdaf28ec2d219.jpg,Plastics
Water-filter-element-86-_-jpg_segmented_object_1_jpg.rf.993c17537a9f95818c8cdaf28ec2d219.jpg,Plastics
Toilet-brush-161-_jpg.rf.998ecf7853d7b152442de77abff39737.jpg,Trash- Brush
Toilet-brush-257-_jpg.rf.99d70c7e49758e330bf4feb273299517.jpg,Trash- Brush
metal156_jpg.rf.9a561961b9abfadab7c1fb0444858b1b.jpg,Can
paper307_jpg.rf.99ea78a557fb648bc9977508a57b1d0a.jpg,paper
earphone-207-_-jpg_segmented_object_1_jpg.rf.9a81ae728b6599d0c77ba67dfb46d66e.jpg,E-Waste
plastic443_jpg.rf.99ddebf79c345b0c59ad15fc7fa844f0.jpg,Plastics
metal316_jpg.rf.9be596adae4bb5ce4ed8407483ea9e07.jpg,Metal
Charging-Cable-93-_-jpg_segmented_object_3_jpg.rf.9a1a220ad3c61ab792e79e160ad4e461.jpg,Electric Cable
plastic395_jpg.rf.9aca203fbf8a31a39a350e838746c6a8.jpg,Bottle
paper342_jpg.rf.9adb5cedf910641c847baf1daf02be67.jpg,paper
R_334_jpg.rf.9c1df4fe7a2f91f4f36e24dd94f97874.jpg,Plastic bag
glass-135-_jpg.rf.9aac9d2e8230352e6589b5b89009fbf7.jpg,Glass
pet-6-_jpg.rf.9c6d7c13c03b660e19652ca05f37debb.jpg,Bottle
pet-6-_jpg.rf.9c6d7c13c03b660e19652ca05f37debb.jpg,Bottle
pet-6-_jpg.rf.9c6d7c13c03b660e19652ca05f37debb.jpg,Bottle
pet-6-_jpg.rf.9c6d7c13c03b660e19652ca05f37debb.jpg,Bottle
pet-6-_jpg.rf.9c6d7c13c03b660e19652ca05f37debb.jpg,Bottle
pet-6-_jpg.rf.9c6d7c13c03b660e19652ca05f37debb.jpg,Bottle
pet-6-_jpg.rf.9c6d7c13c03b660e19652ca05f37debb.jpg,Bottle
pet-6-_jpg.rf.9c6d7c13c03b660e19652ca05f37debb.jpg,Bottle
pet-6-_jpg.rf.9c6d7c13c03b660e19652ca05f37debb.jpg,Bottle
pet-6-_jpg.rf.9c6d7c13c03b660e19652ca05f37debb.jpg,Bottle
pet-6-_jpg.rf.9c6d7c13c03b660e19652ca05f37debb.jpg,Bottle
phone-case-9-_-jpeg_segmented_object_1_jpg.rf.9a8e244481972908cf5d9f8574ec9bcd.jpg,E-Waste
earphone-179-_-jpg_segmented_object_1_jpg.rf.9cd52ec624d236b395384b1e13aff7db.jpg,E-Waste
paper516_jpg.rf.9c8fbbd8a68f689f901f0c009b8c7058.jpg,paper
paper326_jpg.rf.9e0311559bce5715efc61f03b20f07e8.jpg,paper
wooden-product-104-_-jpg_segmented_object_2_jpg.rf.9da2891918d3cef376806d3a949cfca0.jpg,Wooden Waste
alum-62-_jpg.rf.9e76de22981d815eebba579a56d58f5f.jpg,Metal
alum-62-_jpg.rf.9e76de22981d815eebba579a56d58f5f.jpg,Metal
alum-62-_jpg.rf.9e76de22981d815eebba579a56d58f5f.jpg,Metal
R_2179_jpg.rf.9e795e1b29987e92dac6156b57ed8d99.jpg,Carton
paper555_jpg.rf.9eb38dca7700bf708a78f95c1377b7a9.jpg,paper
Charging-Cable-76-_jpg.rf.9f46a0692edc0e12752688eccf5a8310.jpg,E-Waste
wooden-product-13-_-jpg_segmented_object_1_jpg.rf.9f74073416363898424aa7f37a23158f.jpg,Wooden Waste
plastic403_jpg.rf.9f97716512e4145f9ac5cab41c0d8351.jpg,Plastics
R_2238_jpg.rf.9f493f3df8c6da31d1bef7be4ee5b2ad.jpg,Carton
metal40_jpg.rf.9fad582197fc60e73e402815141b9a4e.jpg,Metal
R_2286_jpg.rf.9fcedebef6c950edbb146e2549e2e7b4.jpg,Carton
R_2286_jpg.rf.9fcedebef6c950edbb146e2549e2e7b4.jpg,Carton
R_2286_jpg.rf.9fcedebef6c950edbb146e2549e2e7b4.jpg,Carton
Water-filter-element-198-_-jpg_segmented_object_1_jpg.rf.9fb74fc6a2d8594b0d544bac4f73f6bd.jpg,Plastics
trash102_jpg.rf.a07fd09f6ffb8dbafa246f6022012413.jpg,Trash
Water-filter-element-93-_-jpg_segmented_object_2_jpg.rf.9faf6cefc9a6a78074fbacd0982d03c7.jpg,Plastics
R_3962_jpg.rf.a05531e5682375fae7b0f7845586e5e7.jpg,Glass Bottle
R_3962_jpg.rf.a05531e5682375fae7b0f7845586e5e7.jpg,Glass Bottle
R_3962_jpg.rf.a05531e5682375fae7b0f7845586e5e7.jpg,Glass Bottle
O_13758_jpg.rf.a0486b3228a4b4e9168a8b3a5c430fb9.jpg,Organic Waste
O_13758_jpg.rf.a0486b3228a4b4e9168a8b3a5c430fb9.jpg,Organic Waste
O_13758_jpg.rf.a0486b3228a4b4e9168a8b3a5c430fb9.jpg,Organic Waste
O_13758_jpg.rf.a0486b3228a4b4e9168a8b3a5c430fb9.jpg,Organic Waste
O_13758_jpg.rf.a0486b3228a4b4e9168a8b3a5c430fb9.jpg,Organic Waste
O_13758_jpg.rf.a0486b3228a4b4e9168a8b3a5c430fb9.jpg,Organic Waste
O_13758_jpg.rf.a0486b3228a4b4e9168a8b3a5c430fb9.jpg,Organic Waste
R_6980_jpg.rf.a0b286cac0a5ee9691ddc97f0ccade89.jpg,Carton
metal10_jpg.rf.a0c9127956e0895b6e7e9c761b3741c9.jpg,Plastics
O_12604_jpg.rf.a127c08348a50f2a0d7e31d53b5f87d2.jpg,Organic Waste
O_12604_jpg.rf.a127c08348a50f2a0d7e31d53b5f87d2.jpg,Organic Waste
O_12604_jpg.rf.a127c08348a50f2a0d7e31d53b5f87d2.jpg,Organic Waste
O_12604_jpg.rf.a127c08348a50f2a0d7e31d53b5f87d2.jpg,Organic Waste
O_12604_jpg.rf.a127c08348a50f2a0d7e31d53b5f87d2.jpg,Organic Waste
wooden-product-217-_-jpg_segmented_object_2_jpg.rf.a1e7363cdafb1b5ece947aa4a52cafc6.jpg,Wooden Waste
Toilet-brush-245-_jpg.rf.a1838990bada3d2fea538f101dd90850.jpg,Trash- Brush
R_2186_jpg.rf.a20a97b69241deed25d0a563912dafaa.jpg,Carton
R_2186_jpg.rf.a20a97b69241deed25d0a563912dafaa.jpg,Carton
trash16_jpg.rf.a23708e22d84f56afda737bb303e461b.jpg,Trash
trash136_jpg.rf.a28379fa118e74bf00c00c8edd9c3b01.jpg,Trash
IMG_8758_jpeg.rf.a2de284f1f0e7a340a9f0e2a379b7d7b.jpg,Plastic bag
metal386_jpg.rf.a2f0720351ce7b379b1d7f9873c1911b.jpg,Metal
Water-filter-element-213-_-jpg_segmented_object_1_jpg.rf.a255d6fdd0072eba2b75252419c74e5b.jpg,Plastics
paper564_jpg.rf.a20c29a263ded907b2ffc8c21a2e9f7e.jpg,paper
Fruit-net-set-16-_-jpg_segmented_object_1_jpg.rf.a39be74784f9d428efbff4c541da1aee.jpg,Styrofoam
metal133_jpg.rf.a3a6164624e4e24e928d207f8d7c9f2c.jpg,Can
metal145_jpg.rf.a35443d70feef46363653de9189368c2.jpg,Metal
Toilet-brush-265-_jpg.rf.a523068d87434443c9eec12f6a61c5fe.jpg,Trash- Brush
alum-67-_jpg.rf.a6a0684bfd608dc2d8f1a8a0fa28ac1a.jpg,Can
alum-67-_jpg.rf.a6a0684bfd608dc2d8f1a8a0fa28ac1a.jpg,Can
alum-67-_jpg.rf.a6a0684bfd608dc2d8f1a8a0fa28ac1a.jpg,Can
alum-67-_jpg.rf.a6a0684bfd608dc2d8f1a8a0fa28ac1a.jpg,Can
alum-67-_jpg.rf.a6a0684bfd608dc2d8f1a8a0fa28ac1a.jpg,Can
Charging-Cable-73-_jpg.rf.a63dfe4afeb7c04ace518e1a82e2e90c.jpg,E-Waste
glass-217-_jpg.rf.a64c3f37952ef06a61c1f3f2277300e8.jpg,Glass
glass-217-_jpg.rf.a64c3f37952ef06a61c1f3f2277300e8.jpg,Glass
glass-217-_jpg.rf.a64c3f37952ef06a61c1f3f2277300e8.jpg,Glass
glass-217-_jpg.rf.a64c3f37952ef06a61c1f3f2277300e8.jpg,Glass
trash7_jpg.rf.a4f54037ebd6d26806530c2aaa94cec1.jpg,Organic Waste
Yoga-mat-77-_jpg.rf.a63825d924b253e46fdca6dab5b2db4f.jpg,Yoga Mat
MedicalMask-147-_-jpg_segmented_object_2_jpg.rf.a6fc9aab3ec4a44b35ad80d03231fc9f.jpg,Trash
metal404_jpg.rf.a97da2501ce2f99239e0911934d96b14.jpg,Can
MedicalMask-136-_-jpg_segmented_object_3_jpg.rf.a8780e972dba825e621bab04ff9e2db7.jpg,Trash
alum-338-_jpg.rf.a77ddfbff346bb02f888d5674048b0bb.jpg,Can
R_2198_jpg.rf.a87e22cc403bbfd06f98194bdbea68be.jpg,Carton
Water-filter-element-11-_-jpg_segmented_object_3_jpg.rf.aa2dc4c90826a63eb2f5d6b177470f4b.jpg,Plastics
Water-filter-element-11-_-jpg_segmented_object_3_jpg.rf.aa2dc4c90826a63eb2f5d6b177470f4b.jpg,Plastics
paper303_jpg.rf.aa07c1d9f59a81cec5fb840922a34d35.jpg,paper
phone-case-224-_-jpg_segmented_object_1_jpg.rf.a95f3af8ca748c75f15590e2bd1adb38.jpg,Phone Case
paper590_jpg.rf.a834f6399d542ccb5ce1f8bb6348c63f.jpg,Trash
alum-93-_jpg.rf.a7c78f61333990c0cdd2e3dc931a5f77.jpg,Can
phone-case-243-_-jpg_segmented_object_1_jpg.rf.a9ed2cd41dca8361343dd387186e10cc.jpg,Phone Case
,
R_512_jpg.rf.a93e099f8967f24766343def924ac7b5.jpg,Plastic bag
IMG_8774_jpeg.rf.a8138775de9588748f9ba8bfd5e50b70.jpg,Styrofoam
earphone-215-_-jpg_segmented_object_1_jpg.rf.a91a880d2e504b785626a5d6a7d34669.jpg,E-Waste
Water-filter-element-112-_-jpg_segmented_object_2_jpg.rf.a8a6554a1bcd2a758af77fd86428915a.jpg,Plastics
trash84_jpg.rf.a73b43fc963abd56f7f81b5a8f5b1429.jpg,Trash
Charging-Cable-58-_jpg.rf.a8f9ffeb062fdf0df1a86e70b771e66d.jpg,Electric Cable
R_7005_jpg.rf.aa6626fd151eb9d9599fc19eeb20ef92.jpg,Carton
Water-filter-element-38-_-jpg_segmented_object_6_jpg.rf.aae687683600473384cd379d45e8d8f3.jpg,Plastics
pet-3-_jpg.rf.a915ed485cf9dd97e0f238dc20dc9e56.jpg,Bottle
pet-3-_jpg.rf.a915ed485cf9dd97e0f238dc20dc9e56.jpg,Bottle
pet-3-_jpg.rf.a915ed485cf9dd97e0f238dc20dc9e56.jpg,Plastics
R_2256_jpg.rf.aa55bf1d6526cac4c36d5245e78e08ac.jpg,Carton
alum-156-_jpg.rf.a8a5e901b359d9168ccd4d5c14d89505.jpg,Metal
IMG_8808_jpeg.rf.aaf7f9d739f196b195b0a6f90f2db655.jpg,Plastic bag
glass-163-_jpg.rf.ac2e150e33daf89f469a970608aad27e.jpg,Glass
metal198_jpg.rf.aa72297a2f272f0d818b128e4d47e8bb.jpg,Metal
R_3961_jpg.rf.ac61d25d2a135af0323eb5f8fbb1b58d.jpg,Glass Bottle
alum-298-_jpg.rf.ac7dd183bd158ce820b75cfcc4fdc5a2.jpg,Metal
phone-case-269-_-jpg_segmented_object_3_jpg.rf.ac8c6e8d668230d1961ac5a70b073121.jpg,Phone Case
R_7130_jpg.rf.acdd212ae1f67db166334a02dbfe12c0.jpg,Carton
R_2418_jpg.rf.abb8239e5f257931394602bdf0289e0b.jpg,Carton
Water-filter-element-49-_-jpg_segmented_object_1_jpg.rf.af0aa128f226b33a162aff6f5937140d.jpg,Plastics
metal144_jpg.rf.ab60e2286708bb8243a8e99238cc86da.jpg,Metal
O_12846_jpg.rf.afa908d7264871e5ea353c433274676a.jpg,Organic Waste
trash51_jpg.rf.b03e2fbef91a7096fe590c0a0f0f589b.jpg,Trash
O_13874_jpg.rf.b05533677f5a67c8056fe3a6380896cc.jpg,Organic Waste
O_13874_jpg.rf.b05533677f5a67c8056fe3a6380896cc.jpg,Organic Waste
metal224_jpg.rf.b16d4581f3f2b5eb23879d0da8cdca9c.jpg,Metal
plastic417_jpg.rf.affacb69d8e644abe98634b4f9ce0616.jpg,Plastics
Charging-Cable-62-_-jpg_segmented_object_1_jpg.rf.b2744f66b66edf9b442bac7db7fbd045.jpg,E-Waste
trash6_jpg.rf.b21320c65ee07acd7e28d2a4ac6097d7.jpg,Trash
trash11_jpg.rf.b10e8b0d7ccb82bc31dbbe9af1d45b96.jpg,Trash
glass-166-_jpg.rf.b48248361032bb7a71bf1997258b14a8.jpg,Glass
trash43_jpg.rf.b280e7e119018a8da81f9224aa4be91d.jpg,Trash
glass-15-_jpg.rf.b3eb27f783c476fd5c515448d0c1e371.jpg,Glass
glass-15-_jpg.rf.b3eb27f783c476fd5c515448d0c1e371.jpg,Glass
paper546_jpg.rf.b42c04b6f161c52d901f49cf061d4e41.jpg,paper
metal139_jpg.rf.b4360666d0d8102faf0d172ba8940749.jpg,Metal
glass-252-_jpg.rf.b4bdcc1c6c6ae66f3137fc04a232dafa.jpg,Glass
Water-filter-element-38-_-jpg_segmented_object_8_jpg.rf.b4ccb71250a0af6c65cad7cdc8280b75.jpg,Plastics
glass-248-_jpg.rf.b444265529fec514ff91bb0a5b1496fe.jpg,Glass
Charging-Cable-80-_jpg.rf.b6aa251e220839db5b117ad6ced80700.jpg,E-Waste
Charging-Cable-80-_jpg.rf.b6aa251e220839db5b117ad6ced80700.jpg,E-Waste
metal120_jpg.rf.b4fc299e1e55f5c07e85d6fe96d92b36.jpg,Metal
cardboard184_jpg.rf.b6bf14fa28eed45380bd65ea8a390347.jpg,Carton
Water-filter-element-237-_-jpg_segmented_object_1_jpg.rf.b59acf5a3eaf0958b42e3b72672c8fc2.jpg,Plastics
Toilet-brush-224-_-jpg_segmented_object_2_jpg.rf.b72e9da7ea1cce4c36bca11426525813.jpg,Trash- Brush
trash49_jpg.rf.b7947fe472f0d0bcd6006182d1a047ae.jpg,Trash
alum-95-_jpg.rf.b7a26d2792515e36d2e9103f34114804.jpg,Can
Water-filter-element-18-_-jpg_segmented_object_2_jpg.rf.b7ed372a06e72bcfc5a49e9db09b5824.jpg,Plastics
phone-case-17-_-jpg_segmented_object_2_jpg.rf.b860246f313141b02742c294b0ac667f.jpg,Phone Case
paper553_jpg.rf.b89d880bc64bade531aaa5d79286fba7.jpg,paper
R_280_jpg.rf.b9c7545562854c03a84f49bd50995114.jpg,Plastic bag
trash123_jpg.rf.ba2bed7352d74a85ffed48979da30dc9.jpg,Trash
plastic299_jpg.rf.b9ffbd6438d752850742e71461d19a5c.jpg,Bottle
trash125_jpg.rf.ba5b6d9d4507e97c7dc37d4d55ca516f.jpg,Trash
R_446_jpg.rf.ba6e873a523c13b4627ddb5919939336.jpg,Plastic bag
paper277_jpg.rf.b91984dd13fc964e631de5b32cd4515f.jpg,paper
wooden-product-185-_-jpg_segmented_object_1_jpg.rf.baa09b148c4c92582cffca745434d99a.jpg,Wooden Waste
paper573_jpg.rf.bb32939384965902b54b0c9a12ab666a.jpg,paper
R_4009_jpg.rf.bb4540872d187a20195f30694781d7e3.jpg,Glass Bottle
cardboard174_jpg.rf.baea52e4f557d028a690f32c2af70a39.jpg,Carton
metal116_jpg.rf.bc067bb0afd65fa90db9c5d6d965c515.jpg,Metal
trash14_jpg.rf.bbb2641e2a11f5cf7be9a508d1790113.jpg,Styrofoam
trash19_jpg.rf.bcbbcbbde48fc0f2905c0b0f6677cf96.jpg,Trash
cardboard200_jpg.rf.bc7ebc6b4a0bfaa483474288617c4199.jpg,Carton
trash76_jpg.rf.bc9261cb891867de844345ff94cb90c6.jpg,Trash
phone-case-230-_-jpg_segmented_object_9_jpg.rf.bc953c99955c57d8fd2aedd93be82867.jpg,Phone Case
R_4001_jpg.rf.bd5720c4dc29e94203d53b7aa60bdf78.jpg,Glass Bottle
paper76_jpg.rf.bcbce2ad34a31d0251ad7da1fb51003d.jpg,paper
metal175_jpg.rf.bc6503b3d597a7eb117e4e69df451002.jpg,Metal
trash36_jpg.rf.bda4a1b60cd4ef6a60bb00c9c602e8f1.jpg,Trash
Water-filter-element-147-_-jpg_segmented_object_1_jpg.rf.bda5251553a7319491258c1877386c59.jpg,Plastics
R_4273_jpg.rf.bdb0e25fbb140cc11014b04ba93be67f.jpg,Glass Bottle
trash64_jpg.rf.bda914554b05d80d5d5ca91d33872829.jpg,Trash
O_12605_jpg.rf.bdc51818dba89944204f6dd3e79fe1bd.jpg,Organic Waste
paper123_jpg.rf.bd7cddac41c7ed391e827ddb5a2e10a4.jpg,paper
R_7082_jpg.rf.beb4ae2ac2d3a81edd62e73f014859bb.jpg,Carton
Fruit-net-set-131-_-jpg_segmented_object_2_jpg.rf.bef3badc192b6a84358b870e8909d7bf.jpg,Trash
R_2409_jpg.rf.bef9f9e1f5e39a0528cdd57fcb64faec.jpg,Carton
MedicalMask-150-_jpg.rf.bf32fe511fde46655012bf5926659d38.jpg,Trash
Charging-Cable-69-_-jpg_segmented_object_1_jpg.rf.bfa4cd4777e6d633fddaa34ec95e972a.jpg,E-Waste
cardboard197_jpg.rf.bf7b31c6f07b2c311951ca30f44c4944.jpg,Carton
Charging-Cable-56-_-jpg_segmented_object_1_jpg.rf.bf58b7425330b3ef4d0de143f54e88a7.jpg,Electric Cable
glass-141-_jpg.rf.bfb9276d617de4c6fd5d7d2dce3e53af.jpg,Glass
Water-filter-element-1-_-jpg_segmented_object_1_jpg.rf.c03764208c7e369ddf636f1f2d28331a.jpg,Plastics
O_12851_jpg.rf.c07454f8d8d7bf402c12b4c1205b9728.jpg,Organic Waste
MedicalMask-3-_-jpeg_segmented_object_1_jpg.rf.c09ce5fe773c8233f477a27e7cd709e9.jpg,Trash
cardboard173_jpg.rf.c0dc382247c29c716cf617d7d4f54837.jpg,Carton
R_3995_jpg.rf.c20063c437e076b46cb96ad9e1c3a0ef.jpg,Glass Bottle
Yoga-mat-132-_-jpg_segmented_object_1_jpg.rf.c14c5ad6717c0d16662f9839154fdaa1.jpg,Yoga Mat
alum-94-_jpg.rf.c249270acc6360bead0fbb0c28895342.jpg,Bottle
Charging-Cable-92-_jpg.rf.c3674316e64318ab58a046c54c8ede41.jpg,Electric Cable
Charging-Cable-92-_jpg.rf.c3674316e64318ab58a046c54c8ede41.jpg,Electric Cable
MedicalMask-124-_-jpg_segmented_object_2_jpg.rf.c0f29153629fceafb71a1fcbdb3760d9.jpg,Trash
paper289_jpg.rf.c2ccc6f09b2b665824a97df5e4840fa3.jpg,paper
IMG_8374_jpeg.rf.c37b5aa542542e24d890639acd19c9a8.jpg,paper
Toilet-brush-191-_-jpg_segmented_object_1_jpg.rf.c3d3254cdc782fb674007f99a32c8913.jpg,Trash- Brush
MedicalMask-142-_-jpg_segmented_object_2_jpg.rf.c53b616eb6c3a3bb1cd5c9a77c9895af.jpg,Trash
trash91_jpg.rf.c64683ecf07fea471e2903f24b3fbf7f.jpg,Trash
Charging-Cable-132-_-jpg_segmented_object_1_jpg.rf.c5aad4283e4c56e3f273eccc1c9e4a26.jpg,Electric Cable
O_13760_jpg.rf.c4e0f2b8e46469aa19ed849a2df981f1.jpg,Organic Waste
R_6999_jpg.rf.c3fb96b02736aacb4c9f224227bf8082.jpg,Carton
IMG_8530_jpeg.rf.c38f798c29a026e26546a1a21d5bdaf4.jpg,Styrofoam
cart-198-_jpg.rf.c605b4af792022044139a18caab3c437.jpg,Carton
,
Toilet-brush-148-_-jpg_output_jpg.rf.c6a8bf37f910b55ded13b9a7bd31b487.jpg,Trash- Brush
Toilet-brush-148-_-jpg_output_jpg.rf.c6a8bf37f910b55ded13b9a7bd31b487.jpg,Trash- Brush
trash18_jpg.rf.c6a17082b8d99957dbddb01595f895bd.jpg,Trash
glass-330-_jpg.rf.c70bdfe3058ea9bedfc75e656b808754.jpg,Glass
trash5_jpg.rf.c737e145618c79faef63f262e2bedba8.jpg,Trash
metal254_jpg.rf.c73d0b86ffa8048e5753bde3faebc6cd.jpg,Metal
Water-filter-element-38-_-jpg_segmented_object_4_jpg.rf.c817408b16323f47f6340fee2ceb47cb.jpg,Plastics
alum-154-_jpg.rf.c85e7e9420aaeb84d1dcd351c3429bdd.jpg,Metal
glass-7-_jpg.rf.c8fd2d5f263f54553f5dc50f0c45359c.jpg,Glass
metal105_jpg.rf.c8be8291f0f51a333726a3880b1077a4.jpg,Metal
R_3984_jpg.rf.c9e102f0507b4e70ce2c3f6ca9a6e149.jpg,Glass Bottle
phone-case-230-_-jpg_segmented_object_2_jpg.rf.c964f584ddd7d5ef9a9802163418c284.jpg,Phone Case
metal153_jpg.rf.ca9d48ca7f79483c66c71c284c2b9eef.jpg,Can
metal140_jpg.rf.c961936b93d6de99d58569fbfc852b92.jpg,Metal
phone-case-10-_-jpg_segmented_object_1_jpg.rf.cb1bf453e5f9a4f3d548d7bd053e419f.jpg,E-Waste
IMG_8876_jpeg.rf.cad5e6e792a4511f3b6c335985466552.jpg,Styrofoam
IMG_8379_jpeg.rf.cb6826c2a36279ddf95e471013e15167.jpg,paper
O_13880_jpg.rf.cbf6a4362be51583b37e66dde31014ee.jpg,Organic Waste
metal277_jpg.rf.cce7f6d3e5feaa7aa90985aee2170f91.jpg,Can
trash103_jpg.rf.cc64e9417e5c65a3c0d1dcab3c90f911.jpg,paper
plastic437_jpg.rf.ccdd729dca674b8831729f641580e6c9.jpg,Plastics
O_13888_jpg.rf.cb60968402dca6a2ca7d6d0443189344.jpg,Organic Waste
O_13888_jpg.rf.cb60968402dca6a2ca7d6d0443189344.jpg,Organic Waste
Water-filter-element-95-_-jpg_segmented_object_1_jpg.rf.cceb357a2ec4a48876232a09a493aff2.jpg,Plastics
R_420_jpg.rf.cd91f9aaf04024b29fc7f83ddf793094.jpg,Plastic bag
metal236_jpg.rf.cd1db9ec71b22cb6c44a7221492c0672.jpg,Can
trash116_jpg.rf.cd4b51c9a11b44b6eee0549bda9d21c7.jpg,Trash
IMG_8890_jpeg.rf.ce34dc2a355550ecb5d85a001b10c381.jpg,paper
trash28_jpg.rf.cdea749c5f223dc67e5198d3ffdb99aa.jpg,Trash
cardboard178_jpg.rf.ced9beecb66dd75fa61187e3cae4191c.jpg,Carton
trash73_jpg.rf.cf07d96f4c9ab65bcbc978d70683c85d.jpg,Trash
plastic428_jpg.rf.cf872320ccf95ecb21292f65fe5247f5.jpg,Bottle
R_359_jpg.rf.cea83425ae56a1e84d4f4edfbbbe919d.jpg,Plastic bag
glass-26-_jpg.rf.cf7567c4216fbc7c886215995f7befb8.jpg,Glass
glass-26-_jpg.rf.cf7567c4216fbc7c886215995f7befb8.jpg,Glass
glass-26-_jpg.rf.cf7567c4216fbc7c886215995f7befb8.jpg,Glass
glass-26-_jpg.rf.cf7567c4216fbc7c886215995f7befb8.jpg,Glass
R_2169_jpg.rf.d170b8e47ebbacbed051d73ac96e19cc.jpg,Carton
R_2169_jpg.rf.d170b8e47ebbacbed051d73ac96e19cc.jpg,Carton
R_2169_jpg.rf.d170b8e47ebbacbed051d73ac96e19cc.jpg,Carton
R_2435_jpg.rf.d225f6d499d78497865c6d019af44eff.jpg,Carton
IMG_8520_jpeg.rf.ced9102340aec531ff0bbb9e41704486.jpg,Styrofoam
O_13877_jpg.rf.d14c1bfa55ab697889eb74ad806d7716.jpg,Organic Waste
O_13877_jpg.rf.d14c1bfa55ab697889eb74ad806d7716.jpg,Organic Waste
wooden-product-249-_jpg.rf.d120accb342c2f2b14160cf77c6a4d2e.jpg,Wooden Waste
metal157_jpg.rf.d29f759423a3ce00e69263cda679a2c1.jpg,Metal
metal331_jpg.rf.d419c587a169b7410dbdbe415534c5fc.jpg,Metal
Charging-Cable-41-_jpg.rf.d34b5a0fe1e22539e19f30343b3b865a.jpg,E-Waste
Charging-Cable-41-_jpg.rf.d34b5a0fe1e22539e19f30343b3b865a.jpg,E-Waste
IMG_8599_jpeg.rf.d48a471d1d0f83d25d8f4c4f8d8dfc3c.jpg,Glass Bottle
Charging-Cable-47-_jpg.rf.d48ff7a8b9fe7525e9110e73c1865537.jpg,Electric Cable
Charging-Cable-47-_jpg.rf.d48ff7a8b9fe7525e9110e73c1865537.jpg,Electric Cable
O_13755_jpg.rf.d58bcecb3432ae982a6f0bdc94dc7460.jpg,Organic Waste
cart-193-_jpg.rf.d4cbbb8db2d936ebd4da2b492905fd6f.jpg,Carton
cart-193-_jpg.rf.d4cbbb8db2d936ebd4da2b492905fd6f.jpg,Carton
alum-56-_jpg.rf.d5d4c2c28497dc3d80da3b7d52f9f0ff.jpg,Metal
paper476_jpg.rf.d51d55f9cbd564414c9f7491a97e4b9e.jpg,paper
R_3980_jpg.rf.d85b98178115432568acef86147b5b02.jpg,Glass Bottle
metal183_jpg.rf.d71badddf700594dc89468bd11d43352.jpg,Can
Water-filter-element-6-_-jpg_segmented_object_2_jpg.rf.d75b3716e69240310eb60a8f804b2703.jpg,Plastics
Water-filter-element-209-_-jpg_segmented_object_1_jpg.rf.d7030c67e12d4a403eb207498f766fe0.jpg,Plastics
plastic440_jpg.rf.d6ab89408221399a4ba31ba0cabb6755.jpg,Bottle
metal232_jpg.rf.d8b78993811ab36e0261e500150e27ad.jpg,Metal
metal352_jpg.rf.d83a89523ce6fafb2a2e3a07f41b7770.jpg,Metal
R_3973_jpg.rf.d6894708efbff1118b43372983f23e9f.jpg,Glass Bottle
glass-138-_jpg.rf.d8d735ad9ff34404c1259427777b0adb.jpg,Glass
metal248_jpg.rf.d8cff658be769b30763aaebca82c01c5.jpg,Metal
IMG_8521_jpeg.rf.dabb727dc75e1c7031a3aef42af48a77.jpg,Styrofoam
R_3964_jpg.rf.d9f74889c299c78603f296b8b1d8790d.jpg,Glass Bottle
paper275_jpg.rf.da5e51f262a305aba5bdb710e9867f08.jpg,paper
paper523_jpg.rf.d96f1e77f36e7d359aff1a83fcb589e9.jpg,paper
MedicalMask-117-_-jpg_segmented_object_1_jpg.rf.dac8f9c6b108aff45485d8d6e6164c58.jpg,Trash
plastic427_jpg.rf.dabdaec89c33cd11f900a84b384a14d1.jpg,Plastics
wooden-product-204-_-jpg_segmented_object_1_jpg.rf.db3d46649c124cec2a27350cdd67086f.jpg,Wooden Waste
O_12850_jpg.rf.dbbf5a4deb273b1b96d3362030d79890.jpg,Organic Waste
paper566_jpg.rf.dc717e53ccadd6d30ee143f258dc383b.jpg,paper
trash88_jpg.rf.db9cc2e48ecd17e00974fef464c54564.jpg,Trash
R_6997_jpg.rf.dd6a1c88dbfb5dbec8ddd97d0c016054.jpg,Carton
Yoga-mat-105-_jpg.rf.dc0620857b00a8422e21c135e19a7a1c.jpg,Yoga Mat
R_281_jpg.rf.dcee640adc19e11fffb17d1af7cd5812.jpg,Plastic bag
R_2214_jpg.rf.dc8619ced644ba8b1a01c3eda490f593.jpg,Carton
R_2214_jpg.rf.dc8619ced644ba8b1a01c3eda490f593.jpg,Carton
earphone-175-_jpg.rf.dd561e9d72e2f562b27c3e3e0fc9208e.jpg,E-Waste
earphone-175-_jpg.rf.dd561e9d72e2f562b27c3e3e0fc9208e.jpg,E-Waste
wooden-product-164-_-jpg_segmented_object_2_jpg.rf.dd967a79d885529a64e8a7e8a2537ae8.jpg,Wooden Waste
trash62_jpg.rf.dda9e049ca5048483098c2c21d6a4bd2.jpg,Trash
R_3963_jpg.rf.de0b3bb597caf1d298b989fbf6baf756.jpg,Glass Bottle
Yoga-mat-125-_jpg.rf.deeb04091d96d6991cb04af51d0e83d0.jpg,Yoga Mat
IMG_8551_jpeg.rf.ddc02fb77ca37b46a8b58f0632840b5f.jpg,Plastic bag
Charging-Cable-101-_-jpg_segmented_object_3_jpg.rf.ddfffacd4deaff022a09ab8a13b8397d.jpg,Electric Cable
cardboard170_jpg.rf.df846eea67f99e796ef00948e1ea7b6b.jpg,Trash
glass-6-_jpg.rf.df71e0cf95307415d96c4c4adcb8c996.jpg,Glass
glass-6-_jpg.rf.df71e0cf95307415d96c4c4adcb8c996.jpg,Glass
glass-6-_jpg.rf.df71e0cf95307415d96c4c4adcb8c996.jpg,Glass
glass-6-_jpg.rf.df71e0cf95307415d96c4c4adcb8c996.jpg,Glass
R_290_jpg.rf.e08bf1db4d68a896a79288b1a2022312.jpg,Plastic bag
paper482_jpg.rf.e0f87b7d1fc107e10cabc2c6673dfdc7.jpg,paper
phone-case-276-_-jpg_segmented_object_1_jpg.rf.e1f80f85138740c2a221d699b3ba21d0.jpg,Phone Case
Charging-Cable-78-_-jpg_segmented_object_1_jpg.rf.e1fd7f9b017bfea89c15cfd74fb86243.jpg,E-Waste
Toilet-brush-200-_-jpg_segmented_object_3_jpg.rf.e0d13741d61f531bf7d122ff7df582b8.jpg,Trash- Brush
paper309_jpg.rf.e248d69d25874cf8caad15bf443241a3.jpg,paper
phone-case-230-_-jpg_segmented_object_5_jpg.rf.df8980503583ff019565647a062b5116.jpg,Phone Case
glass-333-_jpg.rf.e21cc572ab759f3c131ae454058aa122.jpg,Glass
glass-333-_jpg.rf.e21cc572ab759f3c131ae454058aa122.jpg,Glass
glass-333-_jpg.rf.e21cc572ab759f3c131ae454058aa122.jpg,Glass
glass-172-_jpg.rf.e2cd61a14d49bab31c7617f3636722da.jpg,Glass
Toilet-brush-173-_jpg.rf.e2ebf0ba067b996243ac0ef8cf9ecf77.jpg,Trash- Brush
Toilet-brush-213-_-jpg_output_jpg.rf.e2562c81414e3a8cf918ff5b395d2ae3.jpg,Trash- Brush
R_377_jpg.rf.e27420b7c8451a302b5014e4af98a6f2.jpg,Plastic bag
metal163_jpg.rf.e335a0ede642c5aa0de018fdc1b99476.jpg,Can
metal13_jpg.rf.e22ba4d8e317381ec3a68aab42bf0927.jpg,Can
wooden-product-184-_-jpg_segmented_object_2_jpg.rf.e36276ba759a3d230ba99f686bb2823a.jpg,Wooden Waste
trash89_jpg.rf.e4120cbbd3397f965e9e982c2fa80e4f.jpg,Trash
Charging-Cable-138-_jpg.rf.e389275e5ccfc5dc0036ed8e096a50a6.jpg,Electric Cable
Charging-Cable-138-_jpg.rf.e389275e5ccfc5dc0036ed8e096a50a6.jpg,Electric Cable
paper334_jpg.rf.e41aee25c6f8e832a3c0f4dffd92050a.jpg,Trash
Yoga-mat-80-_jpg.rf.e37f3c025e268c530f3684f2f1239774.jpg,Yoga Mat
phone-case-258-_-jpg_segmented_object_1_jpg.rf.e44a61a62626be56d8b8164d733ca13f.jpg,Phone Case
Charging-Cable-46-_jpg.rf.e41e7247e2b8031358890b182608c830.jpg,Electric Cable
IMG_8763_jpeg.rf.e50faa5c2895e997d819ddc6e804644f.jpg,Trash
IMG_8763_jpeg.rf.e50faa5c2895e997d819ddc6e804644f.jpg,Trash
O_13753_jpg.rf.e4632c3b4fcc002b0b03d5e58ecb120f.jpg,Organic Waste
O_13753_jpg.rf.e4632c3b4fcc002b0b03d5e58ecb120f.jpg,Organic Waste
O_13753_jpg.rf.e4632c3b4fcc002b0b03d5e58ecb120f.jpg,Organic Waste
R_2182_jpg.rf.e45214c54d1f9aeee87a81fba995838d.jpg,Carton
R_2182_jpg.rf.e45214c54d1f9aeee87a81fba995838d.jpg,Carton
R_2182_jpg.rf.e45214c54d1f9aeee87a81fba995838d.jpg,Carton
R_2182_jpg.rf.e45214c54d1f9aeee87a81fba995838d.jpg,Carton
alum-37-_jpg.rf.e4c0c86fee94a2b2a6273a53758c39c7.jpg,Can
plastic405_jpg.rf.e5a49ebeff14a7517c96e30b00230e4b.jpg,Plastics
Water-filter-element-138-_-jpg_segmented_object_1_jpg.rf.e5b10ea15fa1bc06e7e4e9c977161bdb.jpg,Plastics
glass-249-_jpg.rf.e569647fb98a590e53b793501db3e39c.jpg,Glass
plastic398_jpg.rf.e5c843059edff7e42a995c6eb61c946f.jpg,Plastics
O_12609_jpg.rf.e712422a70c058ddf1f75ae5949cae96.jpg,Organic Waste
paper272_jpg.rf.e77000d866bc06f17f389f201b360a1f.jpg,paper
glass-34-_jpg.rf.e43a16be33fb2d478d8f44e52a1a0cc4.jpg,Glass
glass-12-_jpg.rf.e6d28e63952d7cb260de92d36fcf830e.jpg,Glass
trash111_jpg.rf.e7d5dbe18f82e4e028233222e8e026fe.jpg,Trash
phone-case-212-_-jpg_segmented_object_1_jpg.rf.e725506a84c773173c00caf65e2c3d08.jpg,Phone Case
R_2172_jpg.rf.e606cb43515a4bb8eee6675c5615cd63.jpg,Carton
phone-case-230-_-jpg_segmented_object_3_jpg.rf.e81b6df96627e10335e3972a970141e6.jpg,Phone Case
pet-1-_jpeg.rf.e852668f55fc5e6752e450afaf3a0dff.jpg,Bottle
trash85_jpg.rf.e80e5123bf022d7c2c1e0783cf6ba20d.jpg,Trash
trash67_jpg.rf.e91d31f445892ca99786ef67cf83bf30.jpg,paper
,
R_440_jpg.rf.e969c674f99357f28dedce1e08206db7.jpg,Plastic bag
R_6995_jpg.rf.e851e2b6a01bbaf1309900c91cd08526.jpg,Carton
metal16_jpg.rf.ea2631604f898d9ca9d7cfe228558e31.jpg,Metal
cardboard190_jpg.rf.e95d199e62f7b3bbcc087f41b38e607e.jpg,Carton
cardboard190_jpg.rf.e95d199e62f7b3bbcc087f41b38e607e.jpg,Carton
Water-filter-element-70-_-jpg_segmented_object_1_jpg.rf.ea0fac7cd68c4d3c64b28aa543b3325b.jpg,Plastics
Charging-Cable-143-_jpg.rf.eaf4f0cf1ef6689ec248cb1b58e97036.jpg,Electric Cable
Charging-Cable-143-_jpg.rf.eaf4f0cf1ef6689ec248cb1b58e97036.jpg,Electric Cable
IMG_8670_jpeg.rf.eb2920732c6fd672103d55a9035ba460.jpg,Styrofoam
trash126_jpg.rf.eb5a41c4fc418ce31884e90e2130b524.jpg,Trash
glass-10-_jpg.rf.eb91a1974203b28210bb1f6b8c5ae069.jpg,Glass
Water-filter-element-140-_-jpg_segmented_object_1_jpg.rf.eb51b52ee701e89a2335df299d5e63ef.jpg,Plastics
Water-filter-element-140-_-jpg_segmented_object_1_jpg.rf.eb51b52ee701e89a2335df299d5e63ef.jpg,Plastics
R_299_jpg.rf.e9e92a5b5cea698df4d12cecbd6180ad.jpg,Plastic bag
R_2181_jpg.rf.ebcfa339f41428ff6d8936c81c923bab.jpg,Carton
phone-case-260-_-jpg_segmented_object_4_jpg.rf.ebe87d74a035c44646126c944a7d1eaf.jpg,Phone Case
alum-297-_jpg.rf.ec820095ef9ff7153d0c7e566dc5c84a.jpg,Metal
paper80_jpg.rf.ec9e3fa3cf6c576bb7b04557193df13c.jpg,paper
paper72_jpg.rf.ece5ccb6b36039cc902a9651e8cf7ade.jpg,paper
phone-case-251-_-jpg_segmented_object_1_jpg.rf.ec59e4f1f1ab84ab49f83d02e3e70214.jpg,Phone Case
metal182_jpg.rf.ecd07e97f4c1e9aa852c7c7733330e00.jpg,Can
wooden-product-234-_-jpg_segmented_object_2_jpg.rf.f11cc4f6a8840a9c7338f9878bd21700.jpg,Wooden Waste
metal204_jpg.rf.f09494f6d0b2b220a41eb4366af7ba82.jpg,Metal
glass-147-_jpg.rf.efce1a1c5d838e8f756f89ef625da544.jpg,Glass
alum-273-_jpg.rf.efef7a69b0f2adbb2c2789b55f606da3.jpg,Can
metal123_jpg.rf.ef5b155058b06149848c009a5c61fda6.jpg,Can
metal324_jpg.rf.f008bd043e64e2b440aebe6e7fb03291.jpg,Metal
R_7179_jpg.rf.ed74b0643f20e838f5fb6fc055c1673f.jpg,Carton
R_7179_jpg.rf.ed74b0643f20e838f5fb6fc055c1673f.jpg,Carton
earphone-231-_jpg.rf.f4ffc36582e0851bce65ff36c5012f6b.jpg,E-Waste
earphone-231-_jpg.rf.f4ffc36582e0851bce65ff36c5012f6b.jpg,E-Waste
paper30_jpg.rf.f09ae15b6df63d95f922c74cf6415001.jpg,paper
paper552_jpg.rf.f2bf8f4064a93b70bc702e1ca5ab9325.jpg,paper
R_2248_jpg.rf.ef5fe063ed367e907d6e8a0b1a3ac62d.jpg,Carton
wooden-product-238-_jpg.rf.ef212b85fa8ae67ce31cce542820a0db.jpg,Wooden Waste
metal158_jpg.rf.eee41345154d3c0156e99f4aca1f2222.jpg,Can
Charging-Cable-107-_jpg.rf.f4e2203a42c6f1a9b439b7d905421546.jpg,Electric Cable
wooden-product-152-_-jpg_segmented_object_4_jpg.rf.eda387c3d6ab566152768322ad1652b0.jpg,Wooden Waste
Toilet-brush-113-_-jpg_segmented_object_2_jpg.rf.f47a4fb4da4f297f88751216e96550df.jpg,Trash- Brush
metal2_jpg.rf.ed4e57302b65a85769399a42d79b3b29.jpg,Metal
trash61_jpg.rf.f4360ae8cbe7e282c85d472a409bcf14.jpg,Styrofoam
metal199_jpg.rf.f586ec55d49304ea10f49a39c877a317.jpg,Metal
pet-4-_png.rf.eee9d2177099844c78f91536931e86b1.jpg,Bottle
pet-4-_png.rf.eee9d2177099844c78f91536931e86b1.jpg,Bottle
pet-4-_png.rf.eee9d2177099844c78f91536931e86b1.jpg,Bottle
pet-4-_png.rf.eee9d2177099844c78f91536931e86b1.jpg,Bottle
pet-4-_png.rf.eee9d2177099844c78f91536931e86b1.jpg,Bottle
Toilet-brush-81-_-jpg_segmented_object_1_jpg.rf.f3319476833cf6da5985252afc38719d.jpg,Trash- Brush
Toilet-brush-81-_-jpg_segmented_object_1_jpg.rf.f3319476833cf6da5985252afc38719d.jpg,Trash- Brush
alum-63-_jpg.rf.f1aaebb0c0e739447d22f852d54c4bee.jpg,Metal
O_12596_jpg.rf.f5765016b55d4bc7f7000bb647f9e9a0.jpg,Organic Waste
O_12596_jpg.rf.f5765016b55d4bc7f7000bb647f9e9a0.jpg,Organic Waste
O_12596_jpg.rf.f5765016b55d4bc7f7000bb647f9e9a0.jpg,Organic Waste
O_12596_jpg.rf.f5765016b55d4bc7f7000bb647f9e9a0.jpg,Organic Waste
O_12596_jpg.rf.f5765016b55d4bc7f7000bb647f9e9a0.jpg,Organic Waste
O_12596_jpg.rf.f5765016b55d4bc7f7000bb647f9e9a0.jpg,Organic Waste
O_12596_jpg.rf.f5765016b55d4bc7f7000bb647f9e9a0.jpg,Organic Waste
plastic407_jpg.rf.f3bdc6118147febb5d818a65ca77177e.jpg,Bottle
Toilet-brush-109-_-jpg_segmented_object_4_jpg.rf.f425e8f32c6f88618f0ed3f7b190650f.jpg,Trash- Brush
R_4274_jpg.rf.f7893c87276ae0fdd3fa8edeff9d75b1.jpg,Glass Bottle
R_4274_jpg.rf.f7893c87276ae0fdd3fa8edeff9d75b1.jpg,Glass Bottle
IMG_8528_jpeg.rf.f5b1ec273c3ec516e5fc757a29676a35.jpg,Styrofoam
Water-filter-element-31-_-jpg_segmented_object_4_jpg.rf.f7cf327579e1322320360f36e7b77587.jpg,Plastics
O_13878_jpg.rf.f5f6e265a291a34b40d6e22135f4f21f.jpg,Organic Waste
O_13878_jpg.rf.f5f6e265a291a34b40d6e22135f4f21f.jpg,Organic Waste
metal37_jpg.rf.f782d82671b46fb0214cedc5baa95ba4.jpg,Metal
trash12_jpg.rf.f8102e6de4d401b574689a5fc2a9e680.jpg,Trash
phone-case-243-_-jpg_segmented_object_4_jpg.rf.f9452631f6f8bc7885eb3198bc31beea.jpg,Phone Case
trash137_jpg.rf.f80197b6084bbd7500b44e9e7696806c.jpg,paper
MedicalMask-105-_jpg.rf.fa1ccd224f57fe4429611601ae8105f3.jpg,Trash
phone-case-209-_-jpg_segmented_object_2_jpg.rf.f9b49daf7f8895fdb3dbaa948df0993d.jpg,Phone Case
Water-filter-element-31-_-jpg_segmented_object_3_jpg.rf.fc2d14cd0f321b143c23fbe68fb7d573.jpg,Plastics
Toilet-brush-106-_-jpg_segmented_object_1_jpg.rf.fba6aea50a4aca307930971f6f417fc7.jpg,Trash- Brush
R_7153_jpg.rf.fc3752727c204c2c00b8e08f31c25ce1.jpg,Carton
,
phone-case-253-_-jpg_segmented_object_1_jpg.rf.fc7d0b4b29847bc9a538d76cf32cea6b.jpg,Phone Case
glass-335-_jpg.rf.fc5de23c671ef05313ae79e71d8d9b30.jpg,Glass
glass-335-_jpg.rf.fc5de23c671ef05313ae79e71d8d9b30.jpg,Glass
glass-335-_jpg.rf.fc5de23c671ef05313ae79e71d8d9b30.jpg,Glass
glass-335-_jpg.rf.fc5de23c671ef05313ae79e71d8d9b30.jpg,Glass
paper571_jpg.rf.fd28f266d85ef4bb91323f43f4e4cf92.jpg,paper
glass-9-_jpg.rf.fd26ffe127270ebdc75b166aa9f3d92f.jpg,Glass
glass-9-_jpg.rf.fd26ffe127270ebdc75b166aa9f3d92f.jpg,Glass
glass-9-_jpg.rf.fd26ffe127270ebdc75b166aa9f3d92f.jpg,Glass
glass-9-_jpg.rf.fd26ffe127270ebdc75b166aa9f3d92f.jpg,Glass
glass-9-_jpg.rf.fd26ffe127270ebdc75b166aa9f3d92f.jpg,Glass
glass-9-_jpg.rf.fd26ffe127270ebdc75b166aa9f3d92f.jpg,Glass
glass-9-_jpg.rf.fd26ffe127270ebdc75b166aa9f3d92f.jpg,Glass
glass-9-_jpg.rf.fd26ffe127270ebdc75b166aa9f3d92f.jpg,Glass
Charging-Cable-105-_-jpg_segmented_object_1_jpg.rf.fd3955523b51d0cd28fb78408d51bff3.jpg,Electric Cable
metal228_jpg.rf.fd417ad7a667ba6d4dd7f448ade30333.jpg,Metal
IMG_8820_jpeg.rf.fdbe2cc80bd30af782404cfe532858a0.jpg,Trash
MedicalMask-101-_-jpg_segmented_object_2_jpg.rf.fd6608976ceb1a00479e24737249caec.jpg,Trash
Charging-Cable-57-_jpg.rf.fecffafe2884efffc15dbfe6a8a89f1b.jpg,Electric Cable
phone-case-233-_-jpg_segmented_object_2_jpg.rf.fe19b0682917b435b43077bed2a01c9f.jpg,Phone Case
glass-169-_jpg.rf.ff9c18773a9d8d6bad76f54331f05347.jpg,Glass
cardboard189_jpg.rf.ff22e55e150470004367380009310063.jpg,Carton
paper284_jpg.rf.21bc0ca3584a23347567d0e97d787529.jpg,paper
371341120_823966182641680_5378325951559538276_n_jpg.rf.265477d15fe9bc67be1532d2d2b6e2db.jpg,Organic Waste
earphone-230-_-jpg_segmented_object_1_jpg.rf.21e24f5f23f6b1ca8c0698cef59beec5.jpg,E-Waste
Water-filter-element-96-_-jpg_segmented_object_2_jpg.rf.258cbc3aa0eb0e1c96201f503c05b409.jpg,Plastics
alum-86-_jpg.rf.20dd145af6fdd82e63f5bb4a0a78eb29.jpg,Can
Fruit-net-set-16-_-jpg_segmented_object_3_jpg.rf.20cc6ee91182152a9dd4fe118179a70e.jpg,Styrofoam
,
metal101_jpg.rf.2448810590cb818b5e76d6ea00bb5167.jpg,Can
Water-filter-element-6-_-jpg_segmented_object_1_jpg.rf.22a3d399753952ef74f962083147513a.jpg,Plastics
plastic442_jpg.rf.23112ac4b5eb89cf7f457cec5f703ef7.jpg,Bottle
cardboard187_jpg.rf.23d22ab8010f6525b8592724d298ca9f.jpg,Carton
paper335_jpg.rf.20fe7bdaa9dcaa5ad830ac08c5193d0b.jpg,paper
paper315_jpg.rf.21415a2267917925bbb1ac420ce95a6e.jpg,paper
Charging-Cable-77-_jpg.rf.24259842e918fda317e028aba397b9ff.jpg,E-Waste
Charging-Cable-77-_jpg.rf.24259842e918fda317e028aba397b9ff.jpg,E-Waste
alum-332-_jpg.rf.26f037b8fa13fc5ad5a37d3c7bddf0cb.jpg,Can
alum-68-_jpg.rf.233a1db3a5d7a82f74a3fecd915ad653.jpg,Can
IMG_8869_jpeg.rf.27b153c93f4a5778a452b9373721ab65.jpg,Styrofoam
earphone-207-_-jpg_segmented_object_2_jpg.rf.21c067cd94f8f43d394ff923da415349.jpg,E-Waste
glass-105-_jpg.rf.277c8e576b2b3bffa3c3375a8fd3f28c.jpg,Glass
glass-105-_jpg.rf.277c8e576b2b3bffa3c3375a8fd3f28c.jpg,Glass
metal179_jpg.rf.237205f1531c44216fbc0b4ca1eb807e.jpg,Can
cardboard167_1_jpg.rf.23179de2764877e33e77b220512db26f.jpg,Carton
metal124_jpg.rf.264493cfecb4b669e1c7851afd8a7994.jpg,Can
Yoga-mat-115-_jpg.rf.27fb8d6291ac1db0e9adcf35352f8150.jpg,Yoga Mat
R_3994_jpg.rf.1fc5a74db9ffe441fd648e9713829037.jpg,Glass Bottle
Toilet-brush-180-_jpg.rf.207926ed5a7e6521b8d54555d4906470.jpg,Trash- Brush
paper119_jpg.rf.2821065d432fcccf6c6a0d894dbcef4a.jpg,paper
R_332_jpg.rf.27fb6b736dce1053572a0abf09eb0a5f.jpg,Plastic bag
cardboard169_jpg.rf.280e00e69915a762fd89cb30cfb6ae73.jpg,Carton
cardboard171_jpg.rf.242b11128abc467110f75f88301c5937.jpg,Carton
metal255_jpg.rf.2952e35fae376fe20f65f9226603527a.jpg,Metal
metal11_jpg.rf.285dd7b3dd0270a784a1fc908820fdef.jpg,Metal
MedicalMask-281-_jpg.rf.29f1bc1220176aa00833d3d11331f7ce.jpg,Trash
trash48_jpg.rf.29fd0b6f6cd425888362a4c7373b2894.jpg,Trash
paper587_jpg.rf.2a991e02752e8b18abf63dd50a3f3daa.jpg,Trash
plastic431_jpg.rf.2b2ef8a893d79b17a0070511c4ba676a.jpg,Plastics
plastic390_jpg.rf.2b91bb253e4b32a5260ce367662b08e2.jpg,Plastics
R_3972_jpg.rf.2c86dc231409b9006c0419f57c35e5c7.jpg,Glass Bottle
plastic444_jpg.rf.29d9e72516e4a533e0309d3368f16471.jpg,Bottle
Charging-Cable-43-_jpg.rf.2c2b07414d0043e854c5dd2ff1da7d1c.jpg,Electric Cable
R_4011_jpg.rf.2c987bcdfeecb48e2bb2ae054dbae03e.jpg,Glass Bottle
IMG_8615_jpeg.rf.2d449d16b8f95422e6cb1baf5684c29c.jpg,Glass Bottle
cardboard175_jpg.rf.2ad67c59b86906d8339eca174297d189.jpg,Carton
Yoga-mat-10-_jpeg.rf.2d1948348e6dd093b0e8e5ec8f7c6c65.jpg,Yoga Mat
MedicalMask-14-_-jpg_segmented_object_1_jpg.rf.2d2eed10a80eaca4919e689490580d09.jpg,Trash
R_2428_jpg.rf.2d500939dc40380f4a28cea91a994f0a.jpg,Carton
O_12608_jpg.rf.2dd32ed2d3a87706fa9fbf98d6c30870.jpg,Organic Waste
371811352_976353950257738_5327657165252953331_n_jpg.rf.2e5ae33a0b81f2a87a066ab8fba628ab.jpg,Can
Water-filter-element-223-_-jpg_segmented_object_9_jpg.rf.2dbcc16021f675069d637accdc54f005.jpg,Plastics
paper311_jpg.rf.2d6dd1987c04d0b0a196bcdab0346539.jpg,paper
R_2430_jpg.rf.303424cf3bc2ca9bf8f37c81f15c84da.jpg,Carton
wooden-product-214-_-jpg_segmented_object_5_jpg.rf.2f93b126d99bee468f47dd4e5971e0bd.jpg,Wooden Waste
Toilet-brush-236-_1_jpg.rf.30396bb724a05b83748088d945273e4d.jpg,Trash- Brush
Toilet-brush-236-_1_jpg.rf.30396bb724a05b83748088d945273e4d.jpg,Trash- Brush
Toilet-brush-236-_1_jpg.rf.30396bb724a05b83748088d945273e4d.jpg,Trash- Brush
O_13881_jpg.rf.30122e1f8527a8d715d19f89cddc8515.jpg,Organic Waste
R_7202_jpg.rf.3085372705b92a8bb5c8ff02b6e2c2d7.jpg,Carton
Charging-Cable-97-_jpg.rf.308fcf4f87990035d01ee723e6378491.jpg,Electric Cable
cart-202-_jpg.rf.3075034d5108f45870f6435e493dffcd.jpg,Carton
R_390_jpg.rf.30bcfaecaf0ccc72ccae3956d4c497a7.jpg,Plastic bag
MedicalMask-54-_jpg.rf.3100847a2bdea9298a2dbd23afaeab59.jpg,Trash
MedicalMask-54-_jpg.rf.3100847a2bdea9298a2dbd23afaeab59.jpg,Trash
glass-316-_jpg.rf.311af97dc3c578ec8ba100bdf88f709b.jpg,Glass
trash75_jpg.rf.30c35e0d5dae3e5fbf3e0bb47527bbcf.jpg,Trash
trash79_jpg.rf.310d4753099586947d07d0f7694c7fbc.jpg,Trash
R_585_jpg.rf.316f7043997c29c0a71de8efb020ffa6.jpg,Plastic bag
Water-filter-element-36-_-jpg_segmented_object_4_jpg.rf.311d2288bb66e3b5275758492a964460.jpg,Plastics
metal197_jpg.rf.316dbf354b40fdae2375e9139861a6b4.jpg,Metal
IMG_8819_jpeg.rf.31cdddcc5a0ff33acaeebabcc3dc87ee.jpg,Plastic bag
,
plastic423_jpg.rf.32a6b306cff8f0ad66e4c2527cd79743.jpg,Plastics
Water-filter-element-146-_-jpg_segmented_object_3_jpg.rf.324b532d5a4a305a48a4d2dcd6728d0a.jpg,Plastics
trash92_jpg.rf.33105d6151d027f7ba52b0fd14026a4e.jpg,Styrofoam
plastic399_jpg.rf.32e7b5d10e723267dc7bf63970661797.jpg,Plastics
R_284_jpg.rf.336bdb4207ddd710234c1f9a694e8edc.jpg,Plastic bag
R_284_jpg.rf.336bdb4207ddd710234c1f9a694e8edc.jpg,Plastic bag
earphone-227-_-jpg_segmented_object_1_jpg.rf.3379c6cade5f80de282632936b0ff103.jpg,E-Waste
Charging-Cable-120-_jpg.rf.3307b0ee284c6351e0db3bafb070e43f.jpg,Electric Cable
Charging-Cable-120-_jpg.rf.3307b0ee284c6351e0db3bafb070e43f.jpg,Electric Cable
Water-filter-element-244-_-jpg_segmented_object_2_jpg.rf.33adfe9dd5e78308f949b6e70256472e.jpg,Plastics
paper62_jpg.rf.3474daba347faa8425b1219f98fedfbf.jpg,paper
wooden-product-62-_-jpg_segmented_object_2_jpg.rf.33c3ade53522fbf0e83478e39bf79270.jpg,Wooden Waste
Charging-Cable-51-_1_jpg.rf.34a349fa112e2e9b7e56dfc8826846b2.jpg,Electric Cable
Charging-Cable-51-_1_jpg.rf.34a349fa112e2e9b7e56dfc8826846b2.jpg,Electric Cable
cart-228-_jpg.rf.33812ca790b31e8deda91509b1d98987.jpg,Carton
O_12607_jpg.rf.34e27ea46269361e7f97456a03b42beb.jpg,Organic Waste
O_12841_jpg.rf.35067c2ab3e516c3bae2c4fe67a72c4e.jpg,Organic Waste
O_12841_jpg.rf.35067c2ab3e516c3bae2c4fe67a72c4e.jpg,Organic Waste
O_12841_jpg.rf.35067c2ab3e516c3bae2c4fe67a72c4e.jpg,Organic Waste
O_12841_jpg.rf.35067c2ab3e516c3bae2c4fe67a72c4e.jpg,Organic Waste
O_12841_jpg.rf.35067c2ab3e516c3bae2c4fe67a72c4e.jpg,Organic Waste
O_12841_jpg.rf.35067c2ab3e516c3bae2c4fe67a72c4e.jpg,Organic Waste
O_12841_jpg.rf.35067c2ab3e516c3bae2c4fe67a72c4e.jpg,Organic Waste
O_12841_jpg.rf.35067c2ab3e516c3bae2c4fe67a72c4e.jpg,Organic Waste
O_12841_jpg.rf.35067c2ab3e516c3bae2c4fe67a72c4e.jpg,Organic Waste
O_12841_jpg.rf.35067c2ab3e516c3bae2c4fe67a72c4e.jpg,Organic Waste
O_12841_jpg.rf.35067c2ab3e516c3bae2c4fe67a72c4e.jpg,Organic Waste
O_12841_jpg.rf.35067c2ab3e516c3bae2c4fe67a72c4e.jpg,Organic Waste
O_12841_jpg.rf.35067c2ab3e516c3bae2c4fe67a72c4e.jpg,Organic Waste
O_12841_jpg.rf.35067c2ab3e516c3bae2c4fe67a72c4e.jpg,Organic Waste
O_12841_jpg.rf.35067c2ab3e516c3bae2c4fe67a72c4e.jpg,Organic Waste
O_12841_jpg.rf.35067c2ab3e516c3bae2c4fe67a72c4e.jpg,Organic Waste
trash108_jpg.rf.3624f34f5d16a74c9087c970fc73e10c.jpg,Trash
R_576_jpg.rf.35e772e15df6f5ce16e22c549b22fd1c.jpg,Plastic bag
alum-60-_jpg.rf.3600e9381d5b95e5a31e24dc4dfe90da.jpg,Can
R_331_jpg.rf.372e99caf759d8c81f7a69f3835080b3.jpg,Plastic bag
R_2203_jpg.rf.36abdea353e63b10171d06d23409f4af.jpg,Carton
glass-146-_jpg.rf.36a278bfe70a64036239ad6b181b05c8.jpg,Glass
R_2220_jpg.rf.372f00ff5d2ac8aa91e2bbdd51cf3a27.jpg,Carton
metal82_jpg.rf.37c1e9f1a1663c607ad72af6e4e2efd0.jpg,Metal
IMG_8398_jpeg.rf.36feef82ce850b25586af3bcc3852078.jpg,Plastic bag
alum-89-_jpg.rf.38d3d0a92cb1af95ccd36ca057846211.jpg,Can
alum-89-_jpg.rf.38d3d0a92cb1af95ccd36ca057846211.jpg,Can
alum-99-_jpg.rf.38f7504fc91900eedaf2457bfb0e53d9.jpg,Can
cardboard181_jpg.rf.3965a2f71f541aba406668e83e1c0ee7.jpg,Carton
Charging-Cable-86-_jpg.rf.38e838c6c7b1039f1c9e462bfe6289d2.jpg,Electric Cable
Charging-Cable-86-_jpg.rf.38e838c6c7b1039f1c9e462bfe6289d2.jpg,Electric Cable
metal376_jpg.rf.39f8ad99da971cf0dce8107cecb0c054.jpg,Metal
paper11_jpg.rf.39bd6591804f4ec29c55449eacedfbfa.jpg,paper
paper266_jpg.rf.3a91f1b4ea4b0337d83e830f53d95966.jpg,paper
Water-filter-element-140-_-jpg_segmented_object_2_jpg.rf.3a73037f7d857d326da518681da6e6ce.jpg,Plastics
Water-filter-element-140-_-jpg_segmented_object_2_jpg.rf.3a73037f7d857d326da518681da6e6ce.jpg,Wooden Waste
Toilet-brush-185-_-jpg_segmented_object_1_jpg.rf.39b8949136f4d282ef5e3d9516ba66cf.jpg,Trash- Brush
MedicalMask-241-_-jpg_segmented_object_1_jpg.rf.3a5986571048f500692f647dc8f7235a.jpg,Trash
glass-149-_jpg.rf.3b44ae647db63777a91adfe527db25e1.jpg,Glass
alum-335-_jpg.rf.3b8880c3c8893fa19bf24c0d56e83563.jpg,Can
Water-filter-element-223-_-jpg_segmented_object_10_jpg.rf.3d8c9ef9ce44ae18928f096bd6dc2053.jpg,Plastics
earphone-195-_-jpg_segmented_object_1_jpg.rf.3dc1755f646265540634a3b4f3656865.jpg,E-Waste
Water-filter-element-225-_-jpg_segmented_object_1_jpg.rf.3eb63922979e776ceb3069db7042366d.jpg,Plastics
Toilet-brush-101-_jpg.rf.3e01407ca9d4dcd51f3ba1fe6b613f6b.jpg,Trash- Brush
IMG_8481_jpeg.rf.3d3eeea47a08919041c162a4bea21cc2.jpg,Trash
plastic430_jpg.rf.3e1db1ef5a6a6b179988f2f8480047af.jpg,Bottle
cardboard172_jpg.rf.3dacd815c2804b7a5d8c86f7d45fa62f.jpg,Carton
wooden-product-112-_jpg.rf.3f1ecfdf00fb3e22d599d24abb51a892.jpg,Wooden Waste
metal150_jpg.rf.3fd4025c315d709299669c3e9353162e.jpg,Can
paper77_jpg.rf.3f45b74b4bd5088ddac6d4e58491c94d.jpg,paper
R_3991_jpg.rf.3fd802fb8d6423665bc3d475e6125a1a.jpg,Glass Bottle
R_2425_jpg.rf.3fe2eb349de97ad49b9da016e66b3803.jpg,Carton
pet-8-_jpg.rf.405a66b0225016188edf9a4be0c19689.jpg,Bottle
R_2255_jpg.rf.410e30f05c42ac84062a0e6dc8e5bdc1.jpg,Carton
phone-case-225-_-jpg_segmented_object_1_jpg.rf.414aeaf900bde7dbd8b80e5788cc33b5.jpg,Phone Case
R_4000_jpg.rf.415d7af5dd541ccbd50841e4d18fa5a4.jpg,Glass Bottle
R_4000_jpg.rf.415d7af5dd541ccbd50841e4d18fa5a4.jpg,Glass Bottle
wooden-product-210-_-jpg_segmented_object_2_jpg.rf.4178b281ee6dcc91a1154410eca401dc.jpg,Wooden Waste
Water-filter-element-158-_-jpg_segmented_object_1_jpg.rf.41bf928dc95410c5e86beff91ff2d3f7.jpg,Plastics
metal170_jpg.rf.4225c1a4ca41c5b11070d15fc3751863.jpg,Metal
metal143_jpg.rf.429b45d8df727de7893bc2093448a364.jpg,Can
Water-filter-element-63-_-jpg_segmented_object_2_jpg.rf.42cebc6195e1206a85c0c2608cd9cfde.jpg,Plastics
paper556_jpg.rf.4309f772fabba817c643c692d3394c9f.jpg,paper
glass-174-_jpg.rf.4300589eea705bcb79f1f239c9bdaa9f.jpg,Glass
plastic422_jpg.rf.419c931d2fdcee2f1b051e3f8c446227.jpg,Plastics
IMG_8804_jpeg.rf.42d5c56963d2f1f8815d801e6e024454.jpg,Plastic bag
R_321_jpg.rf.4287c5df34fdd0fd534b3d8bb38ad15a.jpg,Plastic bag
Toilet-brush-202-_jpg.rf.42f30a47c948f15dc1720fd6bc6add4e.jpg,Trash- Brush
metal173_jpg.rf.430ba6483f4d0639171defbb8b61237a.jpg,Metal
wooden-product-252-_-jpg_segmented_object_1_jpg.rf.43b77399e37cd40d0c68606a8aaee68f.jpg,Wooden Waste
Toilet-brush-230-_-jpg_segmented_object_1_jpg.rf.447a8765c2123ca59f091ec39ccbebb7.jpg,Trash- Brush
R_317_jpg.rf.43b30f3d1bfe8047867f87e6bbb49da7.jpg,Plastic bag
metal146_jpg.rf.45876cc75df06788f8a2f34365d9227b.jpg,Can
pet-4-_jpg.rf.4562821bfbf0bf5ad1eb37025de41dbc.jpg,Bottle
pet-4-_jpg.rf.4562821bfbf0bf5ad1eb37025de41dbc.jpg,Bottle
pet-4-_jpg.rf.4562821bfbf0bf5ad1eb37025de41dbc.jpg,Bottle
R_4276_jpg.rf.44ec5cabdaa35cdea778c2f0571bba40.jpg,Glass Bottle
R_4276_jpg.rf.44ec5cabdaa35cdea778c2f0571bba40.jpg,Glass Bottle
Water-filter-element-124-_-jpg_segmented_object_1_jpg.rf.44cc5a918ba470a6026d354e77f442df.jpg,Plastics
trash32_jpg.rf.45dd9614c41c737b8d92b31a9f744da7.jpg,Trash
IMG_8821_jpeg.rf.43261ae76f50e1a0fc84b2cc8ffbae9c.jpg,Plastic bag
metal195_jpg.rf.45e58b172de1bd500a52a7a79f46b44a.jpg,Metal
R_3989_jpg.rf.474cd75b767ebbd9d070ec13694ac42c.jpg,Glass Bottle
R_3989_jpg.rf.474cd75b767ebbd9d070ec13694ac42c.jpg,Glass Bottle
R_3989_jpg.rf.474cd75b767ebbd9d070ec13694ac42c.jpg,Glass Bottle
trash31_jpg.rf.47367a2dca0418d13774c0320c90aae8.jpg,Trash
paper341_jpg.rf.47ea5af04d4c34d0724264522445652d.jpg,paper
phone-case-231-_-jpg_segmented_object_2_jpg.rf.4833ea53b57a6a08bef8ef50c5fef1cc.jpg,Phone Case
alum-302-_jpg.rf.481e88f715aebdfb57fa77efc73db966.jpg,Can
paper267_jpg.rf.47709ebba7d1de279f84378c6ce5c065.jpg,paper
trash56_jpg.rf.4854dd1b86f51616a8e31208a70e9d0d.jpg,Trash
Water-filter-element-228-_-jpg_segmented_object_2_jpg.rf.48f723e3d4b56ddd4fac689821e6e3ea.jpg,Plastics
Water-filter-element-236-_-jpg_segmented_object_1_jpg.rf.490002fcd52eb23e79a9383c83b185fc.jpg,Plastics
glass-39-_jpg.rf.48f949ae8942b070fbfdb3631ef6acc7.jpg,Glass
trash38_jpg.rf.49325d92faa7e8e7ab502b070cafc476.jpg,Trash
glass-179-_jpg.rf.49c9921cb5ba79ebceba8d7755c74871.jpg,Glass
glass-179-_jpg.rf.49c9921cb5ba79ebceba8d7755c74871.jpg,Glass
wooden-product-248-_-jpg_segmented_object_1_jpg.rf.49d07dda7da3252791d2a873b9d5f368.jpg,Wooden Waste
pet-3-_png.rf.4b1cc389893afc76ba57c9f1184cd13d.jpg,Bottle
cardboard188_jpg.rf.4b5141db277babc72077e383b41b1980.jpg,Carton
R_2194_jpg.rf.4a3384f0b8418c4f291274c7f5d7d39e.jpg,Carton
paper124_jpg.rf.4a8ab44def7d0857e0290f2e827c9216.jpg,paper
paper124_jpg.rf.4a8ab44def7d0857e0290f2e827c9216.jpg,paper
trash118_jpg.rf.4ba4a6953b1e2ebfec196c5dafb2b4d1.jpg,Trash
O_13885_jpg.rf.4b5a9b81ae8cddf73d552a8bb2740019.jpg,Organic Waste
O_13885_jpg.rf.4b5a9b81ae8cddf73d552a8bb2740019.jpg,Organic Waste
O_13889_jpg.rf.4ba13d6c731ca822640a005f529a9d94.jpg,Organic Waste
IMG_8708_jpeg.rf.4bfcb9c493ab6610458acd515f84dc53.jpg,Styrofoam
paper78_jpg.rf.4bc60aebb033ff95c0d5732a7f2b6593.jpg,paper
phone-case-17-_-jpg_segmented_object_3_jpg.rf.4cb8130ab59d86f26437b523826a535b.jpg,Phone Case
metal213_jpg.rf.4bae5f61f17e253d8cd8fd5afe2ea54f.jpg,Metal
O_13883_jpg.rf.4c35b23ff3220bd79002aaf1cb5f841d.jpg,Organic Waste
O_13883_jpg.rf.4c35b23ff3220bd79002aaf1cb5f841d.jpg,Organic Waste
O_13883_jpg.rf.4c35b23ff3220bd79002aaf1cb5f841d.jpg,Organic Waste
O_13883_jpg.rf.4c35b23ff3220bd79002aaf1cb5f841d.jpg,Organic Waste
O_13883_jpg.rf.4c35b23ff3220bd79002aaf1cb5f841d.jpg,Organic Waste
O_13883_jpg.rf.4c35b23ff3220bd79002aaf1cb5f841d.jpg,Organic Waste
cardboard194_jpg.rf.4cc9f74bc1df6fd8aa353491457fec00.jpg,Carton
cart-208-_jpg.rf.4c6be83b0556f3981d567987c9a3c3f0.jpg,Carton
cart-208-_jpg.rf.4c6be83b0556f3981d567987c9a3c3f0.jpg,Carton
Water-filter-element-105-_-jpg_segmented_object_2_jpg.rf.4d7dea117158a04b9e4240a32fe26b55.jpg,Plastics
Toilet-brush-71-_jpg.rf.4c5b161efff44de288b0a836fecb9201.jpg,Trash- Brush
glass-17-_jpg.rf.4eb922851de585833a6bccc09af1c965.jpg,Glass
glass-17-_jpg.rf.4eb922851de585833a6bccc09af1c965.jpg,Glass
glass-17-_jpg.rf.4eb922851de585833a6bccc09af1c965.jpg,Glass
glass-17-_jpg.rf.4eb922851de585833a6bccc09af1c965.jpg,Glass
glass-17-_jpg.rf.4eb922851de585833a6bccc09af1c965.jpg,Glass
glass-17-_jpg.rf.4eb922851de585833a6bccc09af1c965.jpg,Glass
glass-17-_jpg.rf.4eb922851de585833a6bccc09af1c965.jpg,Glass
trash40_jpg.rf.4d9b98ac4931b03359324e3b4a39aba3.jpg,Trash
glass-171-_jpg.rf.4fe8090a918371f4f0fb374ea9e33a7e.jpg,Glass
trash78_jpg.rf.4ebb88e18e2611467b5004c7db596735.jpg,Trash
trash83_jpg.rf.4f9d29ce1e6ead34b377112eb1a31c9e.jpg,Trash
metal233_jpg.rf.4e74f96b9575df3cb461dea9a4885889.jpg,Can
R_3965_jpg.rf.50015fdfed7656cf19b0d2803442baf0.jpg,Glass Bottle
cardboard199_jpg.rf.503d49b3c8d6ae7bfe3f9ef282cec5bc.jpg,Carton
O_13756_jpg.rf.504dc2676e4ccf1e8d26ebe54d23dc66.jpg,Organic Waste
metal165_jpg.rf.51bd2669c21e0bb442a02bcf5f54b1a1.jpg,Metal
phone-case-230-_-jpg_segmented_object_7_jpg.rf.513b11f0325a7ece4e265d12ca83531a.jpg,Phone Case
Toilet-brush-161-_-jpg_segmented_object_3_jpg.rf.51f055cc1e1cca76b0f43bfb151700af.jpg,Trash- Brush
metal77_jpg.rf.5222ff9ba40ec82e96a336e8addce6bc.jpg,Metal
R_2253_jpg.rf.50aa12b038014a53d2a299aeb2d3f71d.jpg,Carton
IMG_8794_jpeg.rf.5259759dec511b8c3581bd563536e79f.jpg,Plastic bag
MedicalMask-57-_-jpg_segmented_object_1_jpg.rf.53f454c028980620988095e35252a4d3.jpg,Trash
Toilet-brush-73-_-jpg_output_jpg.rf.54bc4e7a658b2fe4def662258036dc43.jpg,Trash- Brush
Toilet-brush-136-_-jpg_segmented_object_5_jpg.rf.54c9e94d33296238a848682dfb2c96f9.jpg,Trash- Brush
trash122_jpg.rf.52fb197237899f51a5cadeced7d31823.jpg,Trash
R_511_jpg.rf.53810f14af0af7bf13ced1a81f547527.jpg,Plastic bag
R_511_jpg.rf.53810f14af0af7bf13ced1a81f547527.jpg,Plastic bag
alum-44-_jpg.rf.53ca3bf2171c30237db60ffbe0c69258.jpg,Metal
metal169_jpg.rf.56022ea77150d2bd57295bbb8f1bf659.jpg,Metal
alum-321-_jpg.rf.5561e79f04d6862f302d4355be834a89.jpg,Can
IMG_8872_jpeg.rf.55715438d9859fde867dcf3b37260f03.jpg,Trash
Toilet-brush-135-_-jpg_segmented_object_1_jpg.rf.5630704f05304f5d6500714c141ea15c.jpg,Trash- Brush
Toilet-brush-135-_-jpg_segmented_object_1_jpg.rf.5630704f05304f5d6500714c141ea15c.jpg,Trash- Brush
plastic389_jpg.rf.56aaa7270e63c616f5d99ea859326da3.jpg,Plastics
paper332_jpg.rf.56955053710f4b587d96dac47b87a696.jpg,paper
Yoga-mat-123-_jpg.rf.58644c778d3472d6f60f5ff22411b4e1.jpg,Yoga Mat
alum-35-_jpg.rf.5675b494696de40342081b56bfb537a2.jpg,Can
alum-35-_jpg.rf.5675b494696de40342081b56bfb537a2.jpg,Can
alum-35-_jpg.rf.5675b494696de40342081b56bfb537a2.jpg,Can
wooden-product-180-_-jpg_segmented_object_2_jpg.rf.5724462f5dc956225cbf2ab5579b9e5d.jpg,Wooden Waste
plastic415_jpg.rf.587ac0db39b949e000876e9dfc5d13c6.jpg,Bottle
plastic412_jpg.rf.5805687ecfbf8a6ea2faea6eaf1b5dc5.jpg,Bottle
plastic426_jpg.rf.58a902b58f78c24688b836db783a0aab.jpg,Plastics
plastic445_jpg.rf.58e18510b4253f70d610461bb1e1b89a.jpg,Bottle
trash63_jpg.rf.597e01fee3174a9af17a0ac58b510db3.jpg,Trash
metal61_jpg.rf.59f83e6ce5c6ca10578c1079b02d8be1.jpg,Metal
Water-filter-element-105-_-jpg_segmented_object_1_jpg.rf.59e9b617cc8c605685b135efe435b81a.jpg,Plastics
IMG_8423_jpeg.rf.5a188670141d9ecb7095f52dac62f217.jpg,paper
metal193_jpg.rf.5bc721ce0c3613508da646cd9bbe72a6.jpg,Metal
wooden-product-180-_-jpg_segmented_object_4_jpg.rf.5a0649b5820706a2fb5dab65ca937ac7.jpg,Wooden Waste
metal23_jpg.rf.5b9371f82d28d25742ba832d88467c5e.jpg,Metal
alum-79-_jpg.rf.5aeadb5aa5687c522de1376feca99ddb.jpg,Can
trash77_jpg.rf.5bed7ac57776e2d5d4519cbb061da18c.jpg,Trash
trash95_jpg.rf.5cdef87c2f709fd86214c7639c8552e8.jpg,Organic Waste
O_12855_jpg.rf.5e2e724f3734ab9ba2500aa7ebcf50aa.jpg,Organic Waste
trash26_jpg.rf.5c9c5df5e8646cba5f0154781b2e9848.jpg,Organic Waste
R_355_jpg.rf.5d8e489bc3f1ac6e88305203e8c56b80.jpg,Plastic bag
Water-filter-element-81-_-jpg_segmented_object_1_jpg.rf.5e3601286f04feea5e1b36270f32ab4c.jpg,Plastics
Charging-Cable-90-_jpg.rf.5e7e31b66a89a261358ad30ae8fd9f1a.jpg,Electric Cable
Charging-Cable-90-_jpg.rf.5e7e31b66a89a261358ad30ae8fd9f1a.jpg,Electric Cable
trash98_jpg.rf.5ff9f79f8636816c626794b48ce188b0.jpg,Trash
glass-168-_jpg.rf.5d8458568621b2bbea969819581dbf70.jpg,Glass
phone-case-230-_-jpg_segmented_object_1_jpg.rf.5ec8d0c54b59b91d0c2c24a684a2db59.jpg,Phone Case
O_13876_jpg.rf.60015f6f39eab22d1a4bc0e9d6eeb212.jpg,Organic Waste
O_13876_jpg.rf.60015f6f39eab22d1a4bc0e9d6eeb212.jpg,Organic Waste
O_13876_jpg.rf.60015f6f39eab22d1a4bc0e9d6eeb212.jpg,Organic Waste
O_13876_jpg.rf.60015f6f39eab22d1a4bc0e9d6eeb212.jpg,Organic Waste
O_13876_jpg.rf.60015f6f39eab22d1a4bc0e9d6eeb212.jpg,Organic Waste
Charging-Cable-138-_-jpg_segmented_object_2_jpg.rf.603116a986052141956e7579ee69acc1.jpg,Electric Cable
Charging-Cable-138-_-jpg_segmented_object_2_jpg.rf.603116a986052141956e7579ee69acc1.jpg,Electric Cable
Charging-Cable-138-_-jpg_segmented_object_2_jpg.rf.603116a986052141956e7579ee69acc1.jpg,Electric Cable
Toilet-brush-83-_jpg.rf.6012f8ea4efeb81f4095df58aef8736a.jpg,Trash- Brush
trash23_jpg.rf.5e1010e1fb8a8d43f7dea737e4ee4b06.jpg,Trash
Water-filter-element-223-_-jpg_segmented_object_8_jpg.rf.5f407988876a7f759b1e69509bd8ad96.jpg,Plastics
R_301_jpg.rf.6076252010b034bd08e1ed8c51f8afc6.jpg,Plastic bag
R_2262_jpg.rf.60887266cb84e107e23c719078d05d08.jpg,Carton
R_2262_jpg.rf.60887266cb84e107e23c719078d05d08.jpg,Carton
R_2262_jpg.rf.60887266cb84e107e23c719078d05d08.jpg,Carton
R_2262_jpg.rf.60887266cb84e107e23c719078d05d08.jpg,Carton
R_2262_jpg.rf.60887266cb84e107e23c719078d05d08.jpg,Carton
R_471_jpg.rf.60d65968e02c16fe0b8e3e45c789c609.jpg,Plastic bag
Toilet-brush-112-_-jpg_segmented_object_2_jpg.rf.60e199f5634d8ba2ff79e0acb87cd4bc.jpg,Trash- Brush
plastic446_jpg.rf.6151dc706f509a240dd1a31dd72b7abe.jpg,Plastics
metal121_jpg.rf.6195f10d74ba7bae3752068ac02f8a9d.jpg,Metal
trash112_jpg.rf.614132b103e84da2ee9fd1c7d6a57f58.jpg,Trash
paper310_jpg.rf.6219868ee411d87f402053a6572a7303.jpg,paper
alum-130-_jpg.rf.61c6ba2079c850209d7dc0cc226c973f.jpg,Can
IMG_8731_jpeg.rf.621e93f09fa5a29b10932c1afb85c41a.jpg,Plastic bag
MedicalMask-156-_-jpg_segmented_object_2_jpg.rf.61a5ba692d8778af7e9a4fa5517e5cf4.jpg,Trash
phone-case-248-_-jpg_segmented_object_3_jpg.rf.62a91bce1629b2354142824a925bf942.jpg,Phone Case
pet-9-_jpg.rf.6229f56f409f9ed11f6d78fde766e104.jpg,Bottle
pet-9-_jpg.rf.6229f56f409f9ed11f6d78fde766e104.jpg,Bottle
pet-9-_jpg.rf.6229f56f409f9ed11f6d78fde766e104.jpg,Bottle
wooden-product-188-_-jpg_segmented_object_1_jpg.rf.6230ecd739c2804fccf21a236002118f.jpg,Wooden Waste
trash71_jpg.rf.6307dca39336aaefe064a4b90a29a787.jpg,Trash
metal300_jpg.rf.62f3a614a61e63a85805e53ada0d9b32.jpg,Metal
R_3976_jpg.rf.637c7ddef8c8c7d77483e13ef44c9acc.jpg,Glass Bottle
R_285_jpg.rf.63c094e7130ecdbde1c5a7a877e7d984.jpg,Plastic bag
Water-filter-element-3-_-jpg_segmented_object_5_jpg.rf.6454a11872f6bfd1c9a5b17b62be9f44.jpg,Plastics
wooden-product-9-_-jpg_segmented_object_1_jpg.rf.63842580d01f4cc07fd41df76c95103c.jpg,Wooden Waste
Charging-Cable-124-_jpg.rf.644ea9a358cf6a56673c264f2c2fd8ff.jpg,Electric Cable
Charging-Cable-124-_jpg.rf.644ea9a358cf6a56673c264f2c2fd8ff.jpg,Electric Cable
cardboard203_jpg.rf.63a6e018da122cb04d5d93ed6503d133.jpg,Carton
plastic392_jpg.rf.6462f500da38a91b363d78c708e9a34b.jpg,Plastics
,
paper314_jpg.rf.64ec19f6f6eb7c03970af5583a237005.jpg,paper
earphone-217-_jpg.rf.006fff54c613f1cc25a661f1ee9704ac.jpg,E-Waste
earphone-217-_jpg.rf.006fff54c613f1cc25a661f1ee9704ac.jpg,E-Waste
Yoga-mat-201-_jpg.rf.00eaf0954bac0a3eb9c6fb6f620b24a6.jpg,Yoga Mat
metal125_jpg.rf.00f8fddbcacd8d4a16edf43ffa386140.jpg,Can
,
glass-320-_jpg.rf.01774a2eb7b8036c76266f43ad77392c.jpg,Glass
phone-case-206-_-jpg_segmented_object_2_jpg.rf.00876d0e7039319f5575396004ba865b.jpg,Phone Case
phone-case-20-_-jpg_segmented_object_2_jpg.rf.0184a8659562df332db65f0f2b45828c.jpg,E-Waste
MedicalMask-136-_-jpg_segmented_object_1_jpg.rf.018e987b093ee782737a3b081e132354.jpg,Trash
wooden-product-216-_jpg.rf.015c42fea6ce522120436b961ab6dde0.jpg,Wooden Waste
R_2267_jpg.rf.01c676a57f5737bc2564b58c168e6967.jpg,Carton
paper115_jpg.rf.01eee20be4b86633b5eb4a1d556bec76.jpg,paper
metal214_jpg.rf.023de05d14c4a356fabdab1d367e316b.jpg,Metal
R_3971_jpg.rf.013a082302a8d992d9dec6393fdf06e7.jpg,Glass Bottle
wooden-product-223-_-jpg_segmented_object_1_jpg.rf.02f304e59feaa5af2efd5a5c6b46630e.jpg,Wooden Waste
trash97_jpg.rf.0342d88d323935daf0bef9e3a63eafdd.jpg,Plastic bag
plastic393_jpg.rf.02b727770b8d85fb382a00ae5d2a1ca7.jpg,Bottle
Yoga-mat-129-_jpg.rf.0286e1686ea907d11c36e4a22c4dde31.jpg,Yoga Mat
R_2440_jpg.rf.035c5fb718b79c03c4824af735ec0a05.jpg,Carton
glass-334-_jpg.rf.03afaa8fb057273921e4f07cb0502873.jpg,Glass
glass-334-_jpg.rf.03afaa8fb057273921e4f07cb0502873.jpg,Glass
glass-334-_jpg.rf.03afaa8fb057273921e4f07cb0502873.jpg,Glass
alum-34-_jpg.rf.0399bc0d93b6a5fd7d2dad16bc2e6772.jpg,Can
alum-34-_jpg.rf.0399bc0d93b6a5fd7d2dad16bc2e6772.jpg,Can
alum-34-_jpg.rf.0399bc0d93b6a5fd7d2dad16bc2e6772.jpg,Can
alum-34-_jpg.rf.0399bc0d93b6a5fd7d2dad16bc2e6772.jpg,Can
alum-34-_jpg.rf.0399bc0d93b6a5fd7d2dad16bc2e6772.jpg,Can
alum-34-_jpg.rf.0399bc0d93b6a5fd7d2dad16bc2e6772.jpg,Can
alum-34-_jpg.rf.0399bc0d93b6a5fd7d2dad16bc2e6772.jpg,Can
alum-34-_jpg.rf.0399bc0d93b6a5fd7d2dad16bc2e6772.jpg,Can
metal132_jpg.rf.02b8b99332969f4a11b8d644b814bb4f.jpg,Can
plastic400_jpg.rf.046ab0ab902949db35b6a7f002490b93.jpg,Plastics
glass-21-_jpg.rf.04add08b8a3dc2901e26464754a012cf.jpg,Glass
glass-21-_jpg.rf.04add08b8a3dc2901e26464754a012cf.jpg,Glass
glass-21-_jpg.rf.04add08b8a3dc2901e26464754a012cf.jpg,Glass
glass-21-_jpg.rf.04add08b8a3dc2901e26464754a012cf.jpg,Glass
glass-21-_jpg.rf.04add08b8a3dc2901e26464754a012cf.jpg,Glass
glass-21-_jpg.rf.04add08b8a3dc2901e26464754a012cf.jpg,Glass
glass-21-_jpg.rf.04add08b8a3dc2901e26464754a012cf.jpg,Glass
glass-21-_jpg.rf.04add08b8a3dc2901e26464754a012cf.jpg,Glass
alum-84-_jpg.rf.046374ea5ee6a156b7df09b49ddd7e39.jpg,Can
plastic432_jpg.rf.031e62d90e9a72af685304c7ff6cf265.jpg,Bottle
metal17_jpg.rf.04a28dfbfc9371deb3232cbbf72cbe94.jpg,Metal
wooden-product-166-_-jpg_segmented_object_1_jpg.rf.04ced74411eac03fbdb1866105b380e9.jpg,Wooden Waste
Water-filter-element-105-_-jpg_segmented_object_4_jpg.rf.04b5aadd9d1d71400b07d17ff4f80fcb.jpg,Plastics
metal137_jpg.rf.05816d03aef4a2cdc741307b1ab0b773.jpg,Can
glass-353-_jpg.rf.05ec2f14b7c892cae1dd14090c2ec2f6.jpg,Glass
R_2174_jpg.rf.0686151e87850141d466df8b63898dc4.jpg,Carton
Charging-Cable-94-_jpg.rf.05fd5d84f9ac8a8d8b2d1053563f2d4f.jpg,Electric Cable
Charging-Cable-94-_jpg.rf.05fd5d84f9ac8a8d8b2d1053563f2d4f.jpg,Electric Cable
phone-case-191-_-jpg_segmented_object_1_jpg.rf.06e8bf4c97fcec1ee1ae726b4cda5197.jpg,Phone Case
R_399_jpg.rf.070614ee6351918f6083d84fd07c48ec.jpg,Plastic bag
metal225_jpg.rf.05aaac70b887785d3e94e519e13616eb.jpg,Metal
metal206_jpg.rf.072a9460d9b080a954daf20d3209ab77.jpg,Can
metal203_jpg.rf.07bab06a893ce2848a02c8d542e18bd7.jpg,Can
MedicalMask-234-_-jpg_segmented_object_2_jpg.rf.0815a77b7f5d081d6ca16e33fc4ff670.jpg,Trash
plastic394_jpg.rf.06b9516fd2cb9d833265df322b0aa12e.jpg,Bottle
Charging-Cable-122-_jpg.rf.0a18e9c5f2e2b66a4e432adad1afc2e0.jpg,Electric Cable
Charging-Cable-122-_jpg.rf.0a18e9c5f2e2b66a4e432adad1afc2e0.jpg,Electric Cable
wooden-product-134-_jpg.rf.08595e5cf65c996f423c24c20c57e9fa.jpg,Wooden Waste
O_13757_jpg.rf.093c348ba54c311d026d5897694253b9.jpg,Organic Waste
paper122_jpg.rf.088c43a8801940c25202e1826a6ea712.jpg,paper
O_12844_jpg.rf.0924ca58924bfc7f9ce98aba9accfcb3.jpg,Organic Waste
O_13761_jpg.rf.080d62b163ce080b054b31862bffe2e4.jpg,Organic Waste
O_13761_jpg.rf.080d62b163ce080b054b31862bffe2e4.jpg,Organic Waste
O_13761_jpg.rf.080d62b163ce080b054b31862bffe2e4.jpg,Organic Waste
O_13761_jpg.rf.080d62b163ce080b054b31862bffe2e4.jpg,Organic Waste
Toilet-brush-213-_1_jpg.rf.0ad65893189e92d0b25c3fa9925614e5.jpg,Trash- Brush
glass-19-_jpg.rf.0a69c117756b17843bee94cef03dcf61.jpg,Glass
cart-227-_jpg.rf.0b83c296ac4bf0e3371c7b6e8de682cd.jpg,Carton
earphone-210-_jpg.rf.0c69d3257aa9551c9664a01ba4db3b33.jpg,E-Waste
earphone-210-_jpg.rf.0c69d3257aa9551c9664a01ba4db3b33.jpg,E-Waste
glass-329-_jpg.rf.0bc4f288cc16c965d61e5249f7080b51.jpg,Glass
glass-329-_jpg.rf.0bc4f288cc16c965d61e5249f7080b51.jpg,Glass
glass-329-_jpg.rf.0bc4f288cc16c965d61e5249f7080b51.jpg,Glass
glass-329-_jpg.rf.0bc4f288cc16c965d61e5249f7080b51.jpg,Glass
glass-329-_jpg.rf.0bc4f288cc16c965d61e5249f7080b51.jpg,Glass
glass-329-_jpg.rf.0bc4f288cc16c965d61e5249f7080b51.jpg,Glass
glass-329-_jpg.rf.0bc4f288cc16c965d61e5249f7080b51.jpg,Glass
glass-329-_jpg.rf.0bc4f288cc16c965d61e5249f7080b51.jpg,Glass
glass-329-_jpg.rf.0bc4f288cc16c965d61e5249f7080b51.jpg,Glass
paper85_jpg.rf.0d34db24d0876b6a036ea38d3dd1c0e9.jpg,paper
alum-61-_jpg.rf.0adff6346f3272b12612e603c66d0792.jpg,Metal
pet-1-_png.rf.0d8156a6ea295c4e0098f343634029af.jpg,Bottle
pet-1-_png.rf.0d8156a6ea295c4e0098f343634029af.jpg,Bottle
pet-1-_png.rf.0d8156a6ea295c4e0098f343634029af.jpg,Bottle
pet-1-_png.rf.0d8156a6ea295c4e0098f343634029af.jpg,Bottle
pet-1-_png.rf.0d8156a6ea295c4e0098f343634029af.jpg,Bottle
pet-1-_png.rf.0d8156a6ea295c4e0098f343634029af.jpg,Bottle
R_3993_jpg.rf.0cd0b0894ac1d798cf7f913cf5de9963.jpg,Glass Bottle
paper121_jpg.rf.0850ffa6fa47c8463e38de08b7dae7c0.jpg,paper
Charging-Cable-70-_jpg.rf.0ec597fc4b14a786c5b88b9afa7a0e71.jpg,E-Waste
Charging-Cable-70-_jpg.rf.0ec597fc4b14a786c5b88b9afa7a0e71.jpg,E-Waste
IMG_8607_jpeg.rf.0fc54bad973613eddd9bdd2eab6c9066.jpg,Glass Bottle
glass-261-_jpg.rf.0e3fd80f745d2ef7b7f9cd0f634bdf31.jpg,Glass
R_312_jpg.rf.0f991abfa5baf779f175cc08347d7caa.jpg,Trash
R_312_jpg.rf.0f991abfa5baf779f175cc08347d7caa.jpg,Trash
R_2423_jpg.rf.0fee9b3115e0cdef80a7f12a15a53fa1.jpg,Carton
Toilet-brush-148-_jpg.rf.0ed562dd21fafdc909c13e9e11590b3e.jpg,Trash- Brush
Toilet-brush-148-_jpg.rf.0ed562dd21fafdc909c13e9e11590b3e.jpg,Trash- Brush
metal406_jpg.rf.0fbc600385bcf9eac19be12e0ccfff12.jpg,Metal
wooden-product-246-_-jpg_segmented_object_1_jpg.rf.1122d325b76f7bbf66d28486e4fd612a.jpg,Wooden Waste
wooden-product-170-_-jpg_segmented_object_2_jpg.rf.119cc31529c41ed01e5275879b72a349.jpg,Wooden Waste
R_6959_jpg.rf.1300e77ccea1ce4d5443c1717fe51f59.jpg,Carton
alum-149-_jpg.rf.1271af8825fef7ef333be95c9fb7e95b.jpg,Metal
Water-filter-element-140-_-jpg_segmented_object_5_jpg.rf.1311f381f8478824887e1bf3f7029a62.jpg,Plastics
trash99_jpg.rf.125db8bac5dad298884af5d7e40be18e.jpg,Trash
Toilet-brush-104-_jpg.rf.138ee1ab4e996fc336c983d8f6ba6e27.jpg,Trash- Brush
cardboard198_jpg.rf.13fc8273bf1af2ef344434e8d87a190b.jpg,Carton
wooden-product-89-_-jpg_segmented_object_1_jpg.rf.13e6ad02733dc1011473da1c2ae5c4dc.jpg,Wooden Waste
MedicalMask-153-_-jpg_segmented_object_1_jpg.rf.13c0bc41e84bc151f051a4b772cf550f.jpg,Trash
metal130_jpg.rf.1478339141bcb0ceac2cd0314808cc27.jpg,Can
plastic416_jpg.rf.14308b2bbc3ca10a8bda1b608d05cc44.jpg,Plastics
MedicalMask-196-_-jpg_segmented_object_1_jpg.rf.15c56639dffc00bfc67ece187e8fb189.jpg,Trash
R_3966_jpg.rf.15ab9cc7a1ba71ae2d0e52892e4fb295.jpg,Glass Bottle
Yoga-mat-128-_-jpg_segmented_object_1_jpg.rf.148e6ceb18fbd94191f5cd67abc1c2c7.jpg,Yoga Mat
trash9_jpg.rf.15edee20005dbfc0bdbfab1d850a77fe.jpg,Trash
metal166_jpg.rf.1685ab0dc1bf78ad377599213190a398.jpg,Metal
R_4269_jpg.rf.16c75faa9f21e6f8dd176b71c96ea1fc.jpg,Glass Bottle
R_4269_jpg.rf.16c75faa9f21e6f8dd176b71c96ea1fc.jpg,Glass Bottle
R_4269_jpg.rf.16c75faa9f21e6f8dd176b71c96ea1fc.jpg,Glass Bottle
Charging-Cable-59-_jpg.rf.160bc68fb82d0aeba9834a9b2dcf9cb4.jpg,Electric Cable
Charging-Cable-59-_jpg.rf.160bc68fb82d0aeba9834a9b2dcf9cb4.jpg,Electric Cable
paper175_jpg.rf.172e0dd0841115cec568066218bc7750.jpg,paper
MedicalMask-54-_jpg.rf.16718140746c5273c83d1392ef55b798.jpg,Trash
phone-case-17-_-jpg_segmented_object_4_jpg.rf.174e605402f5519bf6363b67bd495484.jpg,E-Waste
O_12842_jpg.rf.17aeb177127c31a128ca40a9de902bc9.jpg,Organic Waste
O_12842_jpg.rf.17aeb177127c31a128ca40a9de902bc9.jpg,Organic Waste
O_12842_jpg.rf.17aeb177127c31a128ca40a9de902bc9.jpg,Organic Waste
Toilet-brush-14-_1_jpg.rf.16f4fc657f36a01686d8bed6cbf0655f.jpg,Trash- Brush
Water-filter-element-141-_-jpg_segmented_object_1_jpg.rf.184e93e583df3609bdc341d651d238e1.jpg,Plastics
IMG_8669_jpeg.rf.17c96f86240cbe200ea041693539f099.jpg,Styrofoam
glass-178-_jpg.rf.17c22f58b6ae209c7a6532f871baa0ac.jpg,Glass
glass-178-_jpg.rf.17c22f58b6ae209c7a6532f871baa0ac.jpg,Glass
glass-178-_jpg.rf.17c22f58b6ae209c7a6532f871baa0ac.jpg,Glass
glass-178-_jpg.rf.17c22f58b6ae209c7a6532f871baa0ac.jpg,Glass
glass-178-_jpg.rf.17c22f58b6ae209c7a6532f871baa0ac.jpg,Glass
glass-178-_jpg.rf.17c22f58b6ae209c7a6532f871baa0ac.jpg,Glass
glass-178-_jpg.rf.17c22f58b6ae209c7a6532f871baa0ac.jpg,Glass
glass-178-_jpg.rf.17c22f58b6ae209c7a6532f871baa0ac.jpg,Glass
R_2224_jpg.rf.1853ab6f85f464777d00c9e408d90a95.jpg,Carton
R_351_jpg.rf.19e6e5520b3c9ced4aa0fcbcb32c4381.jpg,Plastic bag
O_12602_jpg.rf.1a4503c0ab15d8cfceb53d49abe76d4c.jpg,Organic Waste
glass-98-_jpg.rf.1a47bd1bb77b749f5d2e042d988da3fa.jpg,Glass
R_3960_jpg.rf.19e97d9c85e65ba90ad944b104d7a91f.jpg,Glass Bottle
R_3975_jpg.rf.1a2d1ad24552b64965a9d656cbc787bd.jpg,Glass Bottle
metal80_jpg.rf.1a6fe34458dfca246eebf8c3b1918d38.jpg,Can
372108169_1063903921266290_3778032033872498656_n_jpg.rf.193594be2c233bf92b89e2c84594719e.jpg,Can
wooden-product-186-_-jpg_segmented_object_1_jpg.rf.1a3afd778d2349f04f716db2de91cc1e.jpg,Wooden Waste
metal103_jpg.rf.1a69c80e3004c69707a2390416f1865e.jpg,Metal
wooden-product-271-_-jpg_segmented_object_5_jpg.rf.1a813ea8529f391eb27454141547a213.jpg,Wooden Waste
wooden-product-255-_-jpg_segmented_object_2_jpg.rf.1a940d363ef3bc4f43711dd6cd586886.jpg,Wooden Waste
earphone-179-_jpg.rf.1a779cf9af182adf6a4a3703be64a292.jpg,E-Waste
earphone-179-_jpg.rf.1a779cf9af182adf6a4a3703be64a292.jpg,E-Waste
glass-162-_jpg.rf.1afc942862d9d9289d5548b5daf42e3a.jpg,Glass
Toilet-brush-68-_-jpg_segmented_object_4_jpg.rf.1b7d6dd1aa9a30af682ff5c2c8307efa.jpg,Trash- Brush
alum-14-_jpg.rf.1bbb0119403810f1e1e37cf68e026c1e.jpg,Can
earphone-204-_jpg.rf.1c246bcfc80a8f44ebfaaba25a766607.jpg,E-Waste
Toilet-brush-86-_jpg.rf.1dbd59ff7815eea9e7f1fdd3be4ed220.jpg,Trash- Brush
Charging-Cable-94-_-jpg_segmented_object_1_jpg.rf.1dadcccec00692fac985b0095bf06824.jpg,Electric Cable
IMG_8759_jpeg.rf.1dc4a1d77f4c153a7b779dcd4ce36a1e.jpg,Plastic bag
trash33_jpg.rf.1ec9aa36e0c1a191633d00e8250c78eb.jpg,Trash
IMG_8730_jpeg.rf.1b33067f4d9ef35b8c428583d90bab7a.jpg,Trash
glass-247-_jpg.rf.1ecdd177da69bd658fb982530d22e039.jpg,Glass
trash2_jpg.rf.1dc07cc4eadafdb41a74b81d8df33838.jpg,Trash
Charging-Cable-113-_jpg.rf.1deb8eb528915c1f9c7d82530df80b3f.jpg,Electric Cable
R_360_jpg.rf.1c7758646eeb92103b86536d626ac322.jpg,Plastic bag
pet-7-_jpg.rf.1dcdacf8fbb05c3b31d490543fd7476a.jpg,Bottle
pet-7-_jpg.rf.1dcdacf8fbb05c3b31d490543fd7476a.jpg,Bottle
wooden-product-213-_jpg.rf.1ee020196951ac1042cbf0949f16d036.jpg,Spoon
Fruit-net-set-126-_-jpg_segmented_object_1_jpg.rf.1e7e52d0b0134bfb5bb0197806893d60.jpg,Trash
glass-176-_jpg.rf.1dfa7b899e02b5d491230efcb0ceb8de.jpg,Glass
R_2252_jpg.rf.1f3d08d0a630cf850b8c9126c784d0de.jpg,Carton
metal14_jpg.rf.1f18a3594155b9e9f42f8ad534d84fd2.jpg,Can
metal223_jpg.rf.1f777748a8ba0057035935ad4fde452f.jpg,Can